user_id,avg_monthly_inflow,income_entropy,burn_rate_first_10d,rolling_outflow_mean_7d,rolling_outflow_std_7d,velocity_acceleration,cash_out_dependency_ratio,avoidable_fee_leakage,fixed_obligation_ratio,discretionary_spend_ratio,current_balance_day15,target_closing_balance_day30,is_liquidity_crunch
USR_0001,20000.00,0.23,0.62,969.52,1036.42,1.07,0.71,259.00,0.11,0.89,5051.83,977.83,0
USR_0002,18000.00,0.67,0.5,996.29,1037.51,1.57,0.56,240.50,0.07,0.92,10554.99,805.52,0
USR_0003,25000.00,0.2,0.53,1766.62,938.61,1.46,0.76,351.50,0.08,0.92,2318.39,662.98,0
USR_0004,30000.00,0.14,0.52,1695.28,1149.07,0.88,0.81,444.00,0.06,0.94,8405.38,316.34,1
USR_0005,30000.00,0.17,0.21,744.90,858.72,1.06,0.63,240.50,0.05,0.92,21008.25,9993.37,0
USR_0006,30000.00,0.13,0.67,1533.96,1316.87,1.52,0.79,444.00,0.08,0.92,1355.94,124.47,1
USR_0007,30000.00,0.17,0.45,382.49,452.74,1.22,0.76,425.50,0.08,0.92,15433.61,47.62,1
USR_0008,60000.00,0.05,0.13,725.82,214.46,1.32,0.15,55.50,0.03,0.92,48140.15,40167.39,0
USR_0009,25000.00,0.25,0.39,712.59,1005.91,1.34,0.77,351.50,0.06,0.94,12512.47,359.86,1
USR_0010,25000.00,0.11,0.53,639.75,875.36,1.21,0.74,333.00,0.07,0.93,9539.27,990.81,0
USR_0011,20000.00,0.16,0.46,778.45,841.75,1.59,0.45,166.50,0.08,0.92,9814.68,272.91,1
USR_0012,60000.00,0.04,0.14,733.31,821.23,1.42,0.59,259.00,0.03,0.93,49028.19,36536.02,0
USR_0013,18000.00,0.71,0.21,883.37,778.74,1.41,0.8,333.00,0.1,0.9,10327.37,37.45,1
USR_0014,30000.00,0.16,0.47,1102.31,1244.27,1.07,0.7,388.50,0.07,0.93,9989.04,364.39,1
USR_0015,30000.00,0.12,0.2,366.84,455.04,1.45,0.77,407.00,0.07,0.93,22276.01,1842.98,0
USR_0016,60000.00,0.04,0.13,358.87,419.58,1.39,0.41,129.50,0.03,0.88,50072.72,43456.88,0
USR_0017,20000.00,0.14,0.68,680.04,873.49,1.36,0.6,222.00,0.09,0.92,3381.67,107.22,1
USR_0018,30000.00,0.18,0.32,730.90,388.95,1.48,0.51,277.50,0.07,0.93,17925.52,1219.04,0
USR_0019,25000.00,0.14,0.48,1541.95,1067.86,1.19,0.81,370.00,0.07,0.93,8548.55,330.23,1
USR_0020,20000.00,0.2,0.57,926.35,1078.59,0.89,0.74,277.50,0.12,0.88,2100.53,63.53,1
USR_0021,25000.00,0.24,0.5,549.23,1021.70,0.83,0.73,333.00,0.08,0.92,9727.78,390.38,1
USR_0022,20000.00,0.14,0.36,428.57,728.43,0.8,0.76,240.50,0.09,0.9,11513.92,3509.74,0
USR_0023,25000.00,0.16,0.61,1428.57,1293.63,1.21,0.87,388.50,0.09,0.9,3846.67,791.17,0
USR_0024,20000.00,0.19,0.86,1204.85,1061.44,1.58,0.59,222.00,0.12,0.88,95.63,95.63,1
USR_0025,45000.00,0.07,0.13,604.83,644.17,1.53,0.12,37.00,0.05,0.87,36544.71,29570.79,0
USR_0026,45000.00,0.03,0.22,427.88,422.93,1.45,0.35,148.00,0.04,0.91,34993.08,22601.34,0
USR_0027,30000.00,0.22,0.52,2142.86,1355.26,0.87,0.82,462.50,0.06,0.94,4907.54,71.14,1
USR_0028,18000.00,0.79,0.28,759.16,987.10,1.57,0.6,277.50,0.07,0.93,11739.63,199.95,1
USR_0029,20000.00,0.14,0.28,295.65,400.83,0.9,0.56,166.50,0.11,0.86,13408.00,4739.30,0
USR_0030,25000.00,0.15,0.75,1280.87,1032.70,1.11,0.79,370.00,0.08,0.92,1470.85,175.88,1
USR_0031,20000.00,0.2,0.47,253.80,353.21,0.83,0.69,259.00,0.11,0.9,11020.74,398.01,1
USR_0032,45000.00,0.06,0.21,827.40,790.02,1.48,0.39,129.50,0.05,0.87,32363.51,27620.81,0
USR_0033,14000.00,0.74,0.8,117.65,216.94,0.82,0.66,222.00,0.12,0.88,4168.65,400.56,1
USR_0034,30000.00,0.14,0.34,988.21,926.27,0.98,0.8,407.00,0.08,0.91,17356.27,2782.00,0
USR_0035,30000.00,0.24,0.34,781.89,843.05,1.53,0.78,407.00,0.07,0.93,16938.74,1944.31,0
USR_0036,14000.00,0.67,0.74,285.71,699.85,1.1,0.55,203.50,0.12,0.88,4603.44,118.03,1
USR_0037,20000.00,0.17,0.43,605.24,1034.53,0.96,0.64,240.50,0.11,0.89,7980.00,486.18,1
USR_0038,20000.00,0.17,0.65,1459.69,1359.68,1.29,0.8,296.00,0.09,0.91,29.47,29.47,1
USR_0039,30000.00,0.15,0.3,541.28,714.30,1.22,0.71,296.00,0.06,0.92,17145.82,8122.32,0
USR_0040,30000.00,0.16,0.23,714.29,1160.58,1.44,0.75,370.00,0.06,0.94,17575.22,3435.52,0
USR_0041,30000.00,0.19,0.5,1410.04,889.97,1.14,0.63,351.50,0.07,0.93,8839.89,197.01,1
USR_0042,30000.00,0.19,0.34,791.20,837.33,0.93,0.87,481.00,0.06,0.94,14525.21,266.21,1
USR_0043,30000.00,0.23,0.46,530.60,682.40,1.21,0.65,351.50,0.06,0.94,14801.33,628.40,0
USR_0044,20000.00,0.24,0.53,667.34,398.88,0.92,0.64,240.50,0.09,0.91,6982.93,124.64,1
USR_0045,30000.00,0.22,0.34,717.12,992.10,1.35,0.68,351.50,0.08,0.91,14431.92,2193.84,0
USR_0046,20000.00,0.19,0.53,390.64,458.21,1.59,0.78,296.00,0.09,0.91,8237.44,128.53,1
USR_0047,18000.00,0.69,0.7,970.27,1077.56,1.11,0.75,333.00,0.09,0.91,6734.42,120.46,1
USR_0048,25000.00,0.19,0.32,937.91,771.08,1.16,0.69,314.50,0.07,0.93,11276.15,549.62,0
USR_0049,18000.00,0.6,0.46,1453.46,1128.26,0.91,0.67,277.50,0.1,0.9,4993.77,664.47,0
USR_0050,18000.00,0.51,0.33,585.53,1025.95,1.47,0.64,259.00,0.07,0.92,12883.64,3049.96,0
USR_0051,25000.00,0.15,0.36,912.91,1090.12,1.16,0.87,407.00,0.07,0.93,9233.12,66.62,1
USR_0052,14000.00,0.75,0.41,687.63,1024.82,1.56,0.66,240.50,0.12,0.88,8866.92,38.50,1
USR_0053,60000.00,0.07,0.09,461.45,1039.40,1.12,0.23,55.50,0.04,0.83,52018.83,47782.86,0
USR_0054,25000.00,0.18,0.42,170.05,282.95,0.83,0.65,296.00,0.1,0.9,11582.52,413.40,1
USR_0055,18000.00,0.64,0.29,611.29,697.04,1.38,0.81,333.00,0.07,0.93,9595.75,114.30,1
USR_0056,30000.00,0.22,0.34,803.22,990.77,1.65,0.81,444.00,0.08,0.92,16002.80,297.47,1
USR_0057,30000.00,0.12,0.32,781.50,973.16,0.81,0.55,222.00,0.07,0.9,15873.42,8395.16,0
USR_0058,25000.00,0.21,0.69,799.26,828.16,1.34,0.78,370.00,0.1,0.9,3528.14,45.34,1
USR_0059,20000.00,0.11,0.53,1428.57,1293.63,1.06,0.69,259.00,0.1,0.9,3669.39,120.96,1
USR_0060,30000.00,0.19,0.45,844.73,831.42,1.06,0.82,444.00,0.08,0.92,11834.08,704.78,0
USR_0061,30000.00,0.2,0.49,1829.00,1016.16,1.6,0.87,481.00,0.05,0.95,6883.33,618.05,0
USR_0062,25000.00,0.11,0.29,944.28,728.28,1.1,0.57,259.00,0.08,0.92,10047.33,319.30,1
USR_0063,30000.00,0.2,0.45,467.83,402.81,1.08,0.75,388.50,0.07,0.93,15132.11,2266.73,0
USR_0064,30000.00,0.11,0.45,1052.80,1274.92,1.53,0.83,462.50,0.07,0.93,9886.64,55.17,1
USR_0065,60000.00,0.06,0.14,528.56,397.90,1.07,0.06,18.50,0.04,0.87,49695.20,42819.88,0
USR_0066,14000.00,0.78,0.7,628.41,1038.87,1.07,0.61,203.50,0.12,0.88,2619.57,220.10,1
USR_0067,30000.00,0.15,0.45,979.87,1310.24,0.96,0.75,407.00,0.05,0.95,13575.01,613.97,0
USR_0068,30000.00,0.18,0.46,1375.01,1204.52,1.11,0.7,388.50,0.08,0.92,7359.31,16.55,1
USR_0069,14000.00,0.68,0.65,512.45,707.76,0.85,0.57,203.50,0.12,0.87,2957.60,421.43,1
USR_0070,25000.00,0.16,0.49,616.32,1030.93,0.86,0.85,388.50,0.08,0.92,8772.87,220.30,1
USR_0071,25000.00,0.21,0.31,850.95,955.38,0.89,0.78,351.50,0.07,0.93,12681.83,696.68,0
USR_0072,18000.00,0.54,0.5,249.80,400.64,1.65,0.71,296.00,0.11,0.89,10149.96,289.83,1
USR_0073,30000.00,0.16,0.56,829.68,1123.38,1.23,0.74,407.00,0.07,0.93,10955.88,921.50,0
USR_0074,30000.00,0.23,0.47,1253.68,1270.72,1.0,0.82,444.00,0.06,0.94,13286.77,1045.05,0
USR_0075,18000.00,0.78,0.54,1434.02,1047.64,0.81,0.78,333.00,0.1,0.89,5203.77,1083.08,0
USR_0076,45000.00,0.06,0.22,282.09,301.16,1.36,0.24,74.00,0.04,0.91,35243.64,29062.59,0
USR_0077,45000.00,0.02,0.18,556.61,489.23,0.92,0.47,185.00,0.05,0.9,33558.54,23952.40,0
USR_0078,30000.00,0.24,0.49,1822.36,1022.98,1.35,0.8,444.00,0.07,0.93,9274.04,38.08,1
USR_0079,20000.00,0.21,0.36,1152.54,947.04,1.65,0.71,259.00,0.11,0.89,5717.09,608.35,0
USR_0080,25000.00,0.16,0.55,1714.29,1030.16,1.06,0.83,370.00,0.07,0.93,4509.43,1324.49,0
USR_0081,45000.00,0.04,0.13,788.95,968.81,1.42,0.22,74.00,0.05,0.86,34545.88,27530.05,0
USR_0082,14000.00,0.77,0.65,622.10,700.02,1.56,0.68,240.50,0.08,0.92,3083.21,18.07,1
USR_0083,30000.00,0.17,0.46,1471.59,821.46,0.97,0.77,407.00,0.06,0.93,11507.85,2121.62,0
USR_0084,30000.00,0.17,0.32,668.84,1023.55,0.87,0.76,333.00,0.05,0.93,17748.29,6441.78,0
USR_0085,60000.00,0.08,0.25,593.54,665.84,1.21,0.49,240.50,0.04,0.92,44501.42,33712.31,0
USR_0086,60000.00,0.05,0.15,960.15,908.27,1.45,0.32,129.50,0.03,0.91,45979.11,38460.96,0
USR_0087,18000.00,0.72,0.61,1029.76,1070.24,1.69,0.61,277.50,0.09,0.91,6046.93,124.44,1
USR_0088,30000.00,0.14,0.28,1021.11,931.34,0.82,0.66,370.00,0.06,0.94,14824.35,117.90,1
USR_0089,30000.00,0.16,0.4,1092.24,1008.98,1.43,0.75,407.00,0.06,0.93,9942.38,808.24,0
USR_0090,60000.00,0.03,0.12,192.29,304.88,0.88,0.51,185.00,0.03,0.9,53849.28,40985.21,0
USR_0091,45000.00,0.07,0.22,551.60,442.71,1.44,0.11,37.00,0.05,0.87,33851.32,27090.58,0
USR_0092,60000.00,0.05,0.08,432.45,474.09,1.44,0.24,74.00,0.03,0.88,52289.20,43787.61,0
USR_0093,20000.00,0.11,0.33,571.43,728.43,1.05,0.73,277.50,0.1,0.91,9199.00,101.15,1
USR_0094,45000.00,0.05,0.16,789.01,609.46,1.09,0.1,37.00,0.04,0.92,34305.53,25407.48,0
USR_0095,25000.00,0.13,0.44,651.35,691.08,0.94,0.79,370.00,0.08,0.92,10081.65,207.18,1
USR_0096,25000.00,0.16,0.55,1174.52,1330.55,1.11,0.84,388.50,0.09,0.91,4259.42,185.42,1
USR_0097,25000.00,0.13,0.56,1000.00,1069.04,1.14,0.82,370.00,0.1,0.9,7175.68,985.05,0
USR_0098,20000.00,0.25,0.57,1042.06,1164.07,1.56,0.75,277.50,0.1,0.9,1643.40,245.96,1
USR_0099,18000.00,0.8,0.33,634.33,667.25,1.46,0.63,277.50,0.09,0.91,12373.89,289.71,1
USR_0100,10000.00,0.77,0.55,343.32,690.50,0.97,0.37,111.00,0.13,0.86,7785.97,851.98,0
USR_0101,30000.00,0.25,0.48,1910.70,1276.40,1.39,0.81,444.00,0.06,0.94,9276.26,672.03,0
USR_0102,25000.00,0.13,0.43,1100.06,655.83,1.01,0.6,277.50,0.07,0.93,11035.04,566.48,0
USR_0103,30000.00,0.14,0.34,172.74,345.35,0.91,0.86,462.50,0.08,0.92,19266.71,1459.50,0
USR_0104,25000.00,0.16,0.53,1385.62,1072.34,1.7,0.74,351.50,0.09,0.91,7835.23,8.57,1
USR_0105,14000.00,0.57,0.63,663.84,1023.56,1.48,0.63,240.50,0.11,0.89,5922.82,268.30,1
USR_0106,18000.00,0.79,0.39,462.73,716.18,1.05,0.69,296.00,0.08,0.92,11355.13,536.07,0
USR_0107,20000.00,0.15,0.35,922.53,773.75,0.94,0.72,259.00,0.08,0.92,9647.48,588.66,0
USR_0108,10000.00,0.58,0.6,119.27,197.11,1.62,0.59,185.00,0.14,0.86,6045.99,188.03,1
USR_0109,25000.00,0.18,0.5,1752.98,1217.96,1.01,0.78,370.00,0.1,0.9,6816.96,9.59,1
USR_0110,30000.00,0.14,0.41,142.86,349.93,1.59,0.72,351.50,0.06,0.93,17958.89,3756.88,0
USR_0111,30000.00,0.23,0.62,1013.63,926.08,0.89,0.71,388.50,0.05,0.95,8667.94,775.02,0
USR_0112,20000.00,0.21,0.72,1428.57,1293.63,1.17,0.76,277.50,0.1,0.9,1649.42,169.77,1
USR_0113,45000.00,0.05,0.33,597.11,631.62,1.35,0.64,333.00,0.05,0.91,26264.91,17315.77,0
USR_0114,10000.00,0.69,0.43,581.99,735.69,1.53,0.26,74.00,0.13,0.87,6122.54,347.48,1
USR_0115,30000.00,0.12,0.46,1350.35,948.06,0.87,0.8,444.00,0.06,0.94,8763.76,403.11,1
USR_0116,20000.00,0.19,0.51,560.30,1020.79,1.35,0.64,240.50,0.11,0.89,6488.58,386.85,1
USR_0117,18000.00,0.58,0.45,457.69,429.53,1.06,0.62,277.50,0.07,0.93,12883.41,1406.65,0
USR_0118,20000.00,0.13,0.62,1038.32,1166.51,1.0,0.84,314.50,0.09,0.91,985.89,220.90,1
USR_0119,20000.00,0.18,0.71,1285.71,880.63,1.69,0.89,333.00,0.08,0.92,255.16,255.16,1
USR_0120,60000.00,0.04,0.17,746.55,672.99,1.3,0.42,222.00,0.03,0.94,44613.58,31338.25,0
USR_0121,30000.00,0.2,0.56,1168.92,1244.05,1.56,0.8,425.50,0.05,0.95,9709.38,1983.90,0
USR_0122,20000.00,0.22,0.55,954.21,542.54,1.64,0.41,148.00,0.08,0.92,5129.60,861.20,0
USR_0123,10000.00,0.66,0.69,35.87,87.86,0.99,0.55,148.00,0.18,0.83,1948.11,214.64,1
USR_0124,20000.00,0.13,0.45,1461.65,889.34,1.25,0.73,277.50,0.1,0.9,3664.12,57.73,1
USR_0125,25000.00,0.17,0.33,893.13,930.50,1.67,0.64,277.50,0.1,0.9,13145.93,1505.16,0
USR_0126,30000.00,0.2,0.29,507.87,457.48,1.26,0.62,314.50,0.08,0.92,19499.39,2811.58,0
USR_0127,60000.00,0.05,0.1,232.18,329.66,0.88,0.18,55.50,0.03,0.88,52223.07,43525.32,0
USR_0128,10000.00,0.61,0.57,172.64,200.02,1.58,0.39,111.00,0.11,0.89,6209.76,424.08,1
USR_0129,14000.00,0.79,0.68,0.00,0.00,1.33,0.81,296.00,0.12,0.88,5744.11,140.10,1
USR_0130,25000.00,0.11,0.35,980.69,1070.09,1.7,0.66,296.00,0.08,0.92,9612.60,1035.64,0
USR_0131,20000.00,0.11,0.37,715.08,659.63,1.24,0.4,148.00,0.12,0.88,8576.87,521.98,0
USR_0132,60000.00,0.06,0.19,350.08,436.02,1.06,0.16,55.50,0.04,0.87,46998.98,41959.79,0
USR_0133,20000.00,0.19,0.73,856.65,804.51,1.4,0.76,277.50,0.12,0.87,2497.94,460.94,1
USR_0134,20000.00,0.19,0.67,261.90,416.49,1.47,0.64,240.50,0.12,0.88,3349.79,112.76,1
USR_0135,20000.00,0.12,0.48,1504.30,959.21,1.49,0.82,296.00,0.08,0.92,2432.78,395.78,1
USR_0136,10000.00,0.53,0.51,560.23,485.85,1.16,0.53,166.50,0.13,0.87,6041.00,267.63,1
USR_0137,10000.00,0.64,0.5,662.25,872.94,1.56,0.61,166.50,0.15,0.85,4165.84,79.42,1
USR_0138,20000.00,0.23,0.46,786.69,993.16,1.11,0.53,166.50,0.09,0.89,8865.89,3508.48,0
USR_0139,45000.00,0.04,0.25,507.11,395.90,1.29,0.47,185.00,0.05,0.9,32278.94,24096.22,0
USR_0140,20000.00,0.21,0.65,1625.79,1113.95,0.95,0.81,296.00,0.08,0.91,974.85,340.92,1
USR_0141,20000.00,0.24,0.51,1151.84,1123.93,0.92,0.71,259.00,0.09,0.91,6444.97,901.44,0
USR_0142,25000.00,0.24,0.51,362.13,693.66,1.29,0.7,314.50,0.07,0.93,10592.15,552.92,0
USR_0143,18000.00,0.75,0.42,441.89,354.83,1.3,0.68,314.50,0.06,0.94,12420.59,185.82,1
USR_0144,30000.00,0.15,0.46,464.80,430.77,1.33,0.8,444.00,0.07,0.93,15054.20,141.43,1
USR_0145,25000.00,0.18,0.78,1000.00,1069.04,0.9,0.88,407.00,0.08,0.92,4974.24,401.07,1
USR_0146,10000.00,0.72,0.56,714.29,880.63,1.07,0.62,166.50,0.11,0.89,4089.32,622.72,0
USR_0147,10000.00,0.72,0.71,107.77,263.98,1.11,0.69,185.00,0.11,0.9,3683.67,137.50,1
USR_0148,30000.00,0.12,0.57,1719.48,1026.63,0.87,0.88,481.00,0.05,0.95,6746.72,280.84,1
USR_0149,20000.00,0.2,0.37,134.55,329.58,0.97,0.67,240.50,0.12,0.88,11077.28,779.72,0
USR_0150,45000.00,0.04,0.15,367.09,234.36,1.49,0.13,37.00,0.04,0.88,37056.06,29669.56,0
USR_0151,45000.00,0.06,0.25,540.94,714.74,1.64,0.47,240.50,0.05,0.92,32898.19,17825.84,0
USR_0152,45000.00,0.04,0.19,311.64,394.16,1.43,0.43,166.50,0.05,0.9,36003.99,24541.27,0
USR_0153,30000.00,0.23,0.37,857.14,1355.26,0.86,0.72,388.50,0.08,0.92,13225.74,845.31,0
USR_0154,20000.00,0.19,0.71,780.57,996.44,1.34,0.8,296.00,0.11,0.89,3644.01,338.69,1
USR_0155,25000.00,0.22,0.26,530.02,710.92,1.23,0.66,259.00,0.06,0.93,13459.84,4440.39,0
USR_0156,30000.00,0.14,0.43,1074.52,1264.34,1.42,0.7,351.50,0.07,0.92,14778.10,2978.05,0
USR_0157,20000.00,0.15,0.56,1389.26,1073.22,1.42,0.63,222.00,0.1,0.9,1847.58,887.25,0
USR_0158,20000.00,0.23,0.64,1000.00,1195.23,0.81,0.68,259.00,0.09,0.91,5114.76,181.96,1
USR_0159,20000.00,0.24,0.5,714.29,1160.58,1.3,0.82,296.00,0.12,0.88,7144.89,701.42,0
USR_0160,45000.00,0.05,0.21,677.03,400.14,1.08,0.05,18.50,0.05,0.9,33535.93,24982.19,0
USR_0161,14000.00,0.79,0.67,543.22,671.66,1.09,0.54,185.00,0.11,0.89,5743.53,749.38,0
USR_0162,45000.00,0.07,0.16,842.37,925.44,1.32,0.55,277.50,0.04,0.93,32445.51,18226.95,0
USR_0163,45000.00,0.02,0.17,796.89,960.76,1.21,0.37,148.00,0.05,0.9,33713.59,23870.14,0
USR_0164,25000.00,0.11,0.43,1226.04,1179.70,1.12,0.76,351.50,0.1,0.9,8927.03,86.17,1
USR_0165,10000.00,0.63,0.56,230.48,373.74,1.64,0.63,185.00,0.15,0.84,6036.72,1143.54,0
USR_0166,45000.00,0.07,0.18,434.01,307.88,1.62,0.14,37.00,0.04,0.88,36065.68,31866.54,0
USR_0167,25000.00,0.11,0.61,1822.70,1152.42,1.49,0.81,370.00,0.09,0.91,841.54,225.26,1
USR_0168,30000.00,0.2,0.46,1142.86,832.99,0.85,0.87,481.00,0.06,0.94,13624.89,159.04,1
USR_0169,25000.00,0.23,0.52,474.24,383.44,1.6,0.59,277.50,0.08,0.92,9936.30,144.93,1
USR_0170,45000.00,0.07,0.13,234.86,371.51,1.12,0.25,74.00,0.05,0.87,38214.47,29313.96,0
USR_0171,25000.00,0.23,0.58,1652.33,1076.72,0.95,0.8,370.00,0.09,0.91,5163.46,70.96,1
USR_0172,25000.00,0.12,0.5,942.93,1078.15,1.69,0.83,388.50,0.06,0.94,9219.61,53.11,1
USR_0173,25000.00,0.24,0.56,1000.00,1069.04,0.86,0.88,407.00,0.08,0.92,5504.11,377.24,1
USR_0174,14000.00,0.5,0.4,897.78,950.13,1.6,0.58,203.50,0.12,0.87,9229.41,1066.12,0
USR_0175,14000.00,0.73,0.74,940.51,1317.39,1.62,0.74,277.50,0.09,0.91,4977.76,214.96,1
USR_0176,25000.00,0.24,0.57,1000.00,1309.31,1.1,0.87,407.00,0.09,0.91,7979.15,48.80,1
USR_0177,30000.00,0.19,0.44,999.80,758.67,1.0,0.63,333.00,0.07,0.92,13173.88,1456.46,0
USR_0178,20000.00,0.11,0.5,730.63,708.95,1.33,0.71,259.00,0.1,0.9,6261.69,439.10,1
USR_0179,20000.00,0.1,0.43,571.43,728.43,1.4,0.85,314.50,0.08,0.92,5910.08,552.23,0
USR_0180,18000.00,0.52,0.54,779.83,998.50,1.03,0.65,277.50,0.11,0.89,9074.22,226.50,1
USR_0181,25000.00,0.21,0.54,1285.71,1484.61,0.81,0.72,333.00,0.09,0.91,4981.64,428.72,1
USR_0182,25000.00,0.17,0.34,694.54,318.23,1.01,0.48,129.50,0.06,0.89,13017.26,11140.11,0
USR_0183,25000.00,0.2,0.54,959.08,762.55,1.45,0.89,407.00,0.07,0.93,8189.32,41.32,1
USR_0184,25000.00,0.24,0.58,1752.12,1443.24,1.22,0.76,351.50,0.1,0.91,847.30,287.43,1
USR_0185,25000.00,0.24,0.68,629.27,655.21,1.58,0.84,388.50,0.09,0.92,5253.07,160.57,1
USR_0186,25000.00,0.24,0.41,1395.67,1066.18,1.26,0.8,370.00,0.1,0.9,3943.98,12.67,1
USR_0187,18000.00,0.59,0.46,858.70,989.99,0.84,0.71,314.50,0.08,0.92,7254.23,400.16,1
USR_0188,25000.00,0.23,0.64,1000.00,925.82,1.49,0.8,370.00,0.07,0.93,4815.88,14.37,1
USR_0189,30000.00,0.11,0.49,830.18,987.23,1.22,0.77,425.50,0.05,0.95,14405.53,121.09,1
USR_0190,60000.00,0.03,0.12,562.56,438.07,1.13,0.33,111.00,0.04,0.88,50930.03,42469.50,0
USR_0191,30000.00,0.11,0.34,695.38,875.70,0.92,0.86,481.00,0.05,0.95,14640.79,204.14,1
USR_0192,18000.00,0.7,0.31,714.29,880.63,1.48,0.62,240.50,0.08,0.91,12929.22,2932.25,0
USR_0193,30000.00,0.11,0.43,1448.90,1042.64,1.51,0.8,444.00,0.07,0.93,11691.29,410.18,1
USR_0194,25000.00,0.18,0.29,1049.68,1006.13,0.88,0.7,314.50,0.07,0.93,13997.60,929.12,0
USR_0195,10000.00,0.76,0.67,0.00,0.00,1.32,0.73,203.50,0.14,0.85,5522.08,648.37,0
USR_0196,30000.00,0.25,0.4,1290.24,1159.51,0.94,0.86,481.00,0.08,0.92,9671.19,91.10,1
USR_0197,45000.00,0.07,0.16,861.22,595.07,0.82,0.14,55.50,0.05,0.89,32962.84,24378.16,0
USR_0198,20000.00,0.25,0.78,1113.25,1130.94,1.16,0.85,314.50,0.08,0.92,659.17,125.35,1
USR_0199,25000.00,0.25,0.53,1571.43,1399.71,1.43,0.84,388.50,0.09,0.91,6031.46,23.83,1
USR_0200,20000.00,0.12,0.34,689.58,645.38,1.5,0.54,203.50,0.12,0.88,11005.45,216.13,1
USR_0201,14000.00,0.77,0.41,581.12,503.51,1.41,0.73,259.00,0.11,0.89,9792.00,322.71,1
USR_0202,30000.00,0.24,0.47,1002.81,1002.48,1.48,0.77,388.50,0.06,0.94,12602.21,3011.64,0
USR_0203,25000.00,0.12,0.45,1261.39,1265.44,1.56,0.68,314.50,0.08,0.92,7884.85,313.31,1
USR_0204,14000.00,0.65,0.54,630.65,656.01,1.33,0.59,222.00,0.08,0.91,7618.80,806.45,0
USR_0205,30000.00,0.23,0.44,1127.06,1127.53,1.32,0.82,407.00,0.06,0.94,12945.86,3012.90,0
USR_0206,18000.00,0.57,0.42,251.36,431.60,1.65,0.59,259.00,0.06,0.93,12009.63,1802.68,0
USR_0207,25000.00,0.24,0.65,1285.71,1030.16,0.96,0.84,388.50,0.09,0.91,4975.00,222.75,1
USR_0208,25000.00,0.13,0.69,1142.86,989.74,1.29,0.89,407.00,0.09,0.91,778.93,258.16,1
USR_0209,14000.00,0.54,0.69,971.74,1071.28,0.9,0.69,240.50,0.08,0.92,2379.52,461.32,1
USR_0210,25000.00,0.11,0.44,653.11,683.18,0.92,0.75,351.50,0.09,0.91,9901.77,40.06,1
USR_0211,25000.00,0.14,0.66,1585.50,1171.69,1.49,0.76,351.50,0.09,0.91,1575.83,282.10,1
USR_0212,25000.00,0.1,0.48,898.89,1081.03,0.94,0.75,351.50,0.07,0.93,10028.81,150.69,1
USR_0213,25000.00,0.25,0.48,980.90,1037.50,1.33,0.72,333.00,0.08,0.92,8093.54,304.18,1
USR_0214,20000.00,0.15,0.75,842.64,831.26,1.13,0.71,259.00,0.11,0.89,1519.97,398.00,1
USR_0215,18000.00,0.66,0.59,1142.86,989.74,1.39,0.74,314.50,0.09,0.92,5672.73,178.53,1
USR_0216,20000.00,0.24,0.46,1107.12,652.15,1.08,0.7,259.00,0.08,0.92,6421.78,319.08,1
USR_0217,25000.00,0.17,0.6,788.37,838.21,0.89,0.59,259.00,0.1,0.9,9829.85,2045.26,0
USR_0218,30000.00,0.18,0.41,630.80,685.34,1.59,0.7,388.50,0.08,0.92,12753.43,679.73,0
USR_0219,25000.00,0.12,0.55,1285.71,1484.61,1.52,0.83,388.50,0.08,0.92,5648.21,97.44,1
USR_0220,25000.00,0.23,0.52,1092.10,979.60,1.57,0.72,333.00,0.07,0.93,7864.14,467.18,1
USR_0221,25000.00,0.17,0.64,1357.92,1215.84,0.98,0.83,388.50,0.08,0.92,5040.89,90.35,1
USR_0222,45000.00,0.05,0.12,63.44,155.40,1.59,0.35,92.50,0.04,0.87,39783.13,31225.16,0
USR_0223,20000.00,0.21,0.67,637.49,474.71,1.27,0.61,222.00,0.11,0.89,2015.67,335.64,1
USR_0224,20000.00,0.21,0.63,970.87,930.14,1.14,0.55,203.50,0.12,0.88,4969.27,133.40,1
USR_0225,25000.00,0.21,0.36,1114.29,1239.86,0.96,0.78,351.50,0.06,0.93,10468.74,613.03,0
USR_0226,20000.00,0.15,0.38,877.96,837.21,1.27,0.6,222.00,0.1,0.9,6797.62,577.50,0
USR_0227,25000.00,0.15,0.53,1142.86,1245.40,1.33,0.69,296.00,0.07,0.92,9769.61,1831.38,0
USR_0228,30000.00,0.2,0.49,1202.83,1079.37,1.41,0.77,425.50,0.08,0.92,12512.98,514.17,0
USR_0229,14000.00,0.78,0.55,622.50,636.24,1.4,0.45,166.50,0.1,0.9,5763.65,178.10,1
USR_0230,30000.00,0.22,0.29,732.84,643.12,1.54,0.69,314.50,0.07,0.91,14692.25,5350.57,0
USR_0231,45000.00,0.03,0.18,861.94,964.31,1.51,0.47,222.00,0.04,0.94,33196.92,20231.94,0
USR_0232,25000.00,0.22,0.6,1384.55,761.56,1.51,0.77,351.50,0.07,0.93,4543.21,490.38,1
USR_0233,30000.00,0.15,0.53,767.17,814.41,1.26,0.78,388.50,0.06,0.93,10114.03,3536.70,0
USR_0234,30000.00,0.13,0.22,714.29,880.63,0.9,0.69,277.50,0.07,0.9,20459.13,9088.30,0
USR_0235,20000.00,0.12,0.54,1328.71,1228.71,0.88,0.58,222.00,0.09,0.91,2136.20,64.22,1
USR_0236,20000.00,0.11,0.6,1287.38,1135.54,0.88,0.75,277.50,0.09,0.91,3926.13,509.55,0
USR_0237,14000.00,0.52,0.47,775.92,997.98,1.12,0.7,259.00,0.09,0.91,4158.12,88.33,1
USR_0238,10000.00,0.51,0.65,578.54,1026.68,1.26,0.42,111.00,0.15,0.84,4383.13,904.75,0
USR_0239,18000.00,0.67,0.49,1418.40,1054.22,1.1,0.78,351.50,0.07,0.93,8796.03,575.72,0
USR_0240,30000.00,0.1,0.27,1160.55,1123.45,1.25,0.86,462.50,0.06,0.94,11948.05,876.81,0
USR_0241,60000.00,0.03,0.1,180.77,247.94,1.43,0.2,55.50,0.03,0.87,54486.67,46234.58,0
USR_0242,30000.00,0.24,0.26,599.61,748.02,1.0,0.88,462.50,0.06,0.94,19207.42,1209.75,0
USR_0243,20000.00,0.12,0.57,750.49,855.37,1.61,0.7,259.00,0.11,0.89,2872.22,143.08,1
USR_0244,10000.00,0.73,0.67,0.00,0.00,1.57,0.66,185.00,0.11,0.89,5138.55,59.02,1
USR_0245,20000.00,0.15,0.33,857.14,989.74,1.37,0.88,314.50,0.08,0.92,8815.71,667.71,0
USR_0246,60000.00,0.03,0.2,647.38,680.34,1.36,0.47,166.50,0.04,0.87,45490.76,41068.92,0
USR_0247,20000.00,0.17,0.42,375.84,697.87,1.44,0.6,222.00,0.1,0.9,10415.08,601.82,0
USR_0248,14000.00,0.61,0.42,714.29,1160.58,1.39,0.67,240.50,0.11,0.89,5697.75,279.65,1
USR_0249,25000.00,0.25,0.53,1221.85,1059.33,0.96,0.86,388.50,0.07,0.93,7675.05,382.96,1
USR_0250,45000.00,0.02,0.21,1035.27,1261.05,1.41,0.33,129.50,0.04,0.91,32286.91,24376.44,0
USR_0251,25000.00,0.2,0.67,688.86,642.99,1.56,0.76,351.50,0.09,0.91,5420.93,209.30,1
USR_0252,20000.00,0.25,0.62,1458.18,1137.73,1.36,0.76,277.50,0.1,0.9,246.93,246.93,1
USR_0253,18000.00,0.71,0.47,1056.64,1155.22,1.48,0.84,351.50,0.07,0.93,9343.60,663.24,0
USR_0254,30000.00,0.24,0.48,932.84,935.27,1.52,0.73,370.00,0.06,0.94,13335.03,2521.28,0
USR_0255,20000.00,0.2,0.79,1177.63,1092.28,1.36,0.8,296.00,0.12,0.88,2212.78,175.78,1
USR_0256,20000.00,0.14,0.67,1064.36,1269.03,0.87,0.76,277.50,0.11,0.89,2581.18,544.18,0
USR_0257,20000.00,0.21,0.89,1109.00,998.07,0.95,0.81,296.00,0.1,0.9,480.59,480.59,1
USR_0258,30000.00,0.13,0.3,329.14,436.56,1.31,0.56,240.50,0.07,0.91,18634.86,6937.86,0
USR_0259,25000.00,0.24,0.13,552.98,1043.20,1.35,0.74,296.00,0.1,0.89,18551.45,3287.54,0
USR_0260,30000.00,0.2,0.33,559.05,722.06,0.9,0.54,240.50,0.07,0.91,18922.30,6423.00,0
USR_0261,20000.00,0.12,0.6,1049.27,1267.95,0.95,0.64,240.50,0.08,0.92,4342.42,471.58,1
USR_0262,25000.00,0.24,0.69,1707.49,1281.66,1.24,0.87,407.00,0.06,0.94,97.07,97.07,1
USR_0263,25000.00,0.22,0.41,378.52,452.70,1.51,0.68,314.50,0.08,0.92,13444.87,143.46,1
USR_0264,60000.00,0.04,0.14,304.61,401.30,1.0,0.29,92.50,0.03,0.88,51781.68,43300.60,0
USR_0265,14000.00,0.66,0.56,652.80,1030.94,1.02,0.8,314.50,0.07,0.93,6606.14,59.35,1
USR_0266,60000.00,0.02,0.09,356.06,329.58,1.36,0.19,55.50,0.03,0.88,52669.08,44556.31,0
USR_0267,18000.00,0.74,0.4,744.40,988.12,1.49,0.58,240.50,0.07,0.93,7018.78,1060.73,0
USR_0268,30000.00,0.22,0.38,567.96,726.44,0.88,0.85,462.50,0.06,0.94,15984.41,493.68,1
USR_0269,14000.00,0.8,0.61,286.21,401.68,1.46,0.56,203.50,0.1,0.9,6457.78,117.10,1
USR_0270,14000.00,0.58,0.72,672.65,1023.64,1.18,0.8,277.50,0.1,0.9,1990.53,114.79,1
USR_0271,30000.00,0.16,0.38,1036.37,895.95,1.28,0.73,407.00,0.07,0.93,13486.17,348.95,1
USR_0272,30000.00,0.19,0.42,1198.74,1075.32,1.44,0.78,425.50,0.06,0.94,14796.19,581.15,0
USR_0273,30000.00,0.25,0.42,1175.52,1082.23,0.83,0.59,222.00,0.06,0.91,13852.04,9678.03,0
USR_0274,10000.00,0.69,0.61,660.20,873.02,1.59,0.66,203.50,0.09,0.91,3404.85,381.54,1
USR_0275,25000.00,0.15,0.52,960.80,1312.82,0.96,0.69,314.50,0.07,0.93,5843.66,242.06,1
USR_0276,30000.00,0.12,0.36,791.27,996.02,1.21,0.6,314.50,0.06,0.94,16829.84,1481.90,0
USR_0277,30000.00,0.17,0.36,899.53,998.24,1.26,0.75,407.00,0.08,0.92,14195.12,725.11,0
USR_0278,30000.00,0.14,0.43,1857.14,989.74,1.38,0.72,388.50,0.07,0.92,12012.03,891.98,0
USR_0279,10000.00,0.52,0.58,106.26,260.29,1.32,0.47,148.00,0.1,0.9,7504.33,104.81,1
USR_0280,25000.00,0.1,0.24,996.37,538.76,1.09,0.65,240.50,0.07,0.92,15416.27,5028.51,0
USR_0281,25000.00,0.19,0.39,1353.47,1218.39,1.67,0.79,370.00,0.1,0.9,8676.11,36.65,1
USR_0282,30000.00,0.24,0.52,1025.56,927.94,1.59,0.8,444.00,0.06,0.94,9472.92,161.46,1
USR_0283,14000.00,0.61,0.71,714.29,1160.58,1.55,0.77,277.50,0.09,0.91,5074.16,4.92,1
USR_0284,25000.00,0.11,0.58,957.61,1079.54,0.85,0.68,314.50,0.09,0.91,8134.57,177.04,1
USR_0285,30000.00,0.22,0.43,268.62,425.92,1.63,0.76,407.00,0.05,0.94,15361.08,1089.45,0
USR_0286,45000.00,0.02,0.34,1274.84,1263.96,0.99,0.43,203.50,0.04,0.94,28797.92,19715.78,0
USR_0287,25000.00,0.12,0.5,692.29,1025.45,0.96,0.86,388.50,0.09,0.91,12162.63,959.13,0
USR_0288,18000.00,0.66,0.34,228.52,341.07,1.39,0.65,259.00,0.08,0.91,15081.16,2542.71,0
USR_0289,20000.00,0.17,0.35,1219.27,1060.98,1.29,0.73,277.50,0.08,0.93,7521.96,30.39,1
USR_0290,30000.00,0.15,0.59,1251.39,897.21,1.28,0.75,407.00,0.07,0.92,9470.16,465.40,1
USR_0291,30000.00,0.23,0.37,833.46,565.92,1.69,0.61,333.00,0.06,0.94,15662.33,591.27,0
USR_0292,18000.00,0.54,0.62,1259.96,1039.19,1.62,0.83,351.50,0.1,0.9,5884.85,275.68,1
USR_0293,25000.00,0.21,0.59,551.26,479.63,1.4,0.56,259.00,0.1,0.9,9025.89,436.68,1
USR_0294,25000.00,0.23,0.28,796.60,959.40,1.0,0.78,351.50,0.07,0.93,14240.70,1000.20,0
USR_0295,30000.00,0.18,0.55,428.57,728.43,1.29,0.88,481.00,0.06,0.94,13407.70,466.90,1
USR_0296,20000.00,0.16,0.94,1000.00,1309.31,0.93,0.74,277.50,0.11,0.89,308.48,308.48,1
USR_0297,20000.00,0.11,0.54,1190.15,774.08,1.62,0.72,259.00,0.08,0.92,3050.13,693.31,0
USR_0298,20000.00,0.17,0.53,1410.54,1185.40,1.43,0.8,296.00,0.1,0.9,1700.00,168.70,1
USR_0299,30000.00,0.11,0.55,907.64,1093.05,1.39,0.82,425.50,0.05,0.95,12636.15,2184.86,0
USR_0300,30000.00,0.19,0.52,728.81,1034.79,1.39,0.86,462.50,0.06,0.94,11816.14,1381.29,0
USR_0301,30000.00,0.15,0.17,1104.40,1246.49,1.6,0.71,388.50,0.08,0.92,18720.74,384.72,1
USR_0302,25000.00,0.12,0.22,714.29,1160.58,1.54,0.77,351.50,0.07,0.93,12858.91,521.47,0
USR_0303,25000.00,0.11,0.33,857.14,1124.86,0.9,0.65,240.50,0.08,0.9,12280.13,5464.84,0
USR_0304,25000.00,0.19,0.27,659.76,873.04,0.93,0.71,296.00,0.08,0.91,13198.32,2880.72,0
USR_0305,30000.00,0.12,0.5,747.75,1041.29,0.91,0.74,407.00,0.08,0.92,9575.44,726.63,0
USR_0306,10000.00,0.57,0.68,0.00,0.00,1.27,0.77,203.50,0.15,0.85,1701.55,182.96,1
USR_0307,18000.00,0.71,0.47,759.24,661.59,1.31,0.71,314.50,0.09,0.9,7343.06,247.22,1
USR_0308,10000.00,0.53,0.67,105.71,258.92,1.34,0.69,203.50,0.11,0.89,4682.17,20.55,1
USR_0309,14000.00,0.77,0.43,829.93,795.49,1.68,0.32,111.00,0.12,0.87,8190.58,2623.93,0
USR_0310,20000.00,0.23,0.34,818.33,811.40,1.37,0.7,259.00,0.08,0.92,7798.37,161.64,1
USR_0311,25000.00,0.21,0.51,453.42,709.04,0.86,0.75,333.00,0.08,0.92,10164.39,1174.35,0
USR_0312,10000.00,0.76,0.66,571.43,1049.78,1.04,0.87,240.50,0.13,0.87,2827.51,790.51,0
USR_0313,25000.00,0.2,0.54,1428.57,1399.71,1.38,0.84,388.50,0.08,0.92,4923.15,394.50,1
USR_0314,14000.00,0.57,0.48,925.02,775.01,1.66,0.67,240.50,0.1,0.91,4890.86,42.54,1
USR_0315,20000.00,0.25,0.64,1332.90,1447.79,1.48,0.8,296.00,0.09,0.91,652.74,339.59,1
USR_0316,20000.00,0.2,0.64,955.41,760.90,1.47,0.69,259.00,0.11,0.89,982.54,189.06,1
USR_0317,25000.00,0.2,0.34,1091.94,981.98,1.06,0.63,277.50,0.07,0.93,11906.14,1176.10,0
USR_0318,20000.00,0.12,0.3,458.63,703.94,1.19,0.69,259.00,0.11,0.89,13466.70,236.72,1
USR_0319,25000.00,0.24,0.55,1323.65,1121.62,1.58,0.69,314.50,0.09,0.91,8368.31,669.09,0
USR_0320,20000.00,0.2,0.72,592.78,661.33,0.94,0.65,240.50,0.1,0.9,3891.45,510.78,0
USR_0321,25000.00,0.19,0.19,1385.20,1416.91,0.97,0.67,314.50,0.07,0.93,9574.93,88.11,1
USR_0322,20000.00,0.21,0.3,1211.09,1192.08,0.91,0.48,185.00,0.1,0.9,9254.96,30.37,1
USR_0323,25000.00,0.14,0.55,1477.90,983.10,0.9,0.62,277.50,0.09,0.9,5658.41,770.86,0
USR_0324,14000.00,0.67,0.68,460.70,472.81,1.17,0.71,240.50,0.11,0.89,4333.15,256.86,1
USR_0325,18000.00,0.62,0.65,603.39,1035.20,1.25,0.75,314.50,0.09,0.9,6204.54,734.13,0
USR_0326,60000.00,0.07,0.16,1237.38,1156.87,1.29,0.42,185.00,0.03,0.92,46293.12,37104.86,0
USR_0327,20000.00,0.14,0.58,1503.08,1108.17,0.87,0.65,240.50,0.11,0.89,2117.13,156.42,1
USR_0328,18000.00,0.55,0.38,991.10,897.91,1.67,0.61,259.00,0.08,0.91,11152.63,930.20,0
USR_0329,45000.00,0.02,0.11,250.54,256.02,1.01,0.0,0.00,0.05,0.85,39480.40,31481.31,0
USR_0330,30000.00,0.22,0.53,1942.80,1118.68,1.36,0.77,425.50,0.06,0.94,7381.06,176.74,1
USR_0331,20000.00,0.2,0.48,689.93,463.96,0.9,0.6,222.00,0.09,0.91,8019.73,256.74,1
USR_0332,25000.00,0.24,0.4,494.87,707.22,1.48,0.77,351.50,0.1,0.9,9395.62,540.32,0
USR_0333,20000.00,0.15,0.44,1574.22,1050.73,1.5,0.58,222.00,0.11,0.89,2808.24,33.85,1
USR_0334,10000.00,0.79,0.53,508.70,707.43,1.1,0.59,166.50,0.11,0.89,2953.57,37.88,1
USR_0335,14000.00,0.51,0.61,851.48,832.14,1.56,0.61,240.50,0.11,0.9,7363.42,396.83,1
USR_0336,18000.00,0.74,0.66,922.83,910.45,0.94,0.77,333.00,0.09,0.91,3853.65,517.46,0
USR_0337,25000.00,0.23,0.72,714.29,1160.58,1.16,0.81,370.00,0.09,0.91,4742.60,668.60,0
USR_0338,10000.00,0.69,0.61,0.00,0.00,1.59,0.5,148.00,0.1,0.9,6652.21,573.06,0
USR_0339,30000.00,0.2,0.35,631.91,438.70,0.97,0.72,388.50,0.08,0.92,14971.80,1186.41,0
USR_0340,20000.00,0.24,0.41,352.49,442.86,0.87,0.78,277.50,0.1,0.9,8983.72,835.72,0
USR_0341,60000.00,0.03,0.13,913.80,915.30,1.37,0.33,129.50,0.03,0.91,48463.84,39559.90,0
USR_0342,20000.00,0.22,0.46,632.46,1023.30,1.28,0.69,259.00,0.09,0.91,8009.72,385.02,1
USR_0343,30000.00,0.15,0.41,1026.97,538.59,0.87,0.88,481.00,0.05,0.94,13108.42,886.42,0
USR_0344,25000.00,0.17,0.51,701.93,635.42,1.26,0.69,314.50,0.1,0.9,8241.53,536.80,0
USR_0345,10000.00,0.62,0.7,315.83,691.40,1.65,0.69,185.00,0.12,0.88,2577.31,188.57,1
USR_0346,14000.00,0.53,0.55,848.67,801.38,0.86,0.58,222.00,0.09,0.91,8193.49,194.76,1
USR_0347,25000.00,0.13,0.47,1375.84,937.13,1.28,0.73,333.00,0.09,0.91,10053.01,680.96,0
USR_0348,25000.00,0.22,0.3,857.14,1124.86,1.43,0.71,314.50,0.07,0.93,10963.88,1268.12,0
USR_0349,25000.00,0.16,0.4,908.37,1093.21,1.69,0.71,314.50,0.09,0.9,9137.97,989.97,0
USR_0350,20000.00,0.21,0.68,351.88,438.79,1.19,0.76,277.50,0.12,0.88,2512.96,222.23,1
USR_0351,20000.00,0.19,0.57,848.70,1123.98,1.0,0.75,277.50,0.1,0.9,2792.22,200.90,1
USR_0352,20000.00,0.18,0.66,1452.17,1170.84,0.93,0.76,277.50,0.08,0.92,499.22,194.90,1
USR_0353,25000.00,0.17,0.41,1861.84,828.23,1.58,0.83,388.50,0.09,0.91,5205.13,112.63,1
USR_0354,30000.00,0.18,0.21,831.90,1123.35,1.56,0.66,296.00,0.08,0.9,20023.39,5941.25,0
USR_0355,25000.00,0.19,0.46,963.24,1055.56,0.96,0.85,388.50,0.06,0.94,5324.35,231.85,1
USR_0356,18000.00,0.64,0.25,894.98,997.37,1.6,0.64,222.00,0.06,0.92,14349.67,5638.62,0
USR_0357,10000.00,0.59,0.59,661.21,688.20,1.58,0.47,148.00,0.12,0.88,5689.22,109.30,1
USR_0358,25000.00,0.16,0.34,910.79,1091.15,1.2,0.82,370.00,0.07,0.93,12149.29,921.69,0
USR_0359,20000.00,0.1,0.56,708.30,398.83,1.4,0.5,185.00,0.12,0.88,6511.79,202.66,1
USR_0360,10000.00,0.77,0.56,0.00,0.00,1.53,0.74,222.00,0.11,0.88,6522.38,534.88,0
USR_0361,30000.00,0.21,0.35,834.32,988.41,1.4,0.67,314.50,0.06,0.93,16878.32,4607.05,0
USR_0362,18000.00,0.6,0.73,754.71,1006.62,1.11,0.82,370.00,0.07,0.93,4693.09,291.85,1
USR_0363,20000.00,0.15,0.54,1148.39,936.35,1.2,0.74,277.50,0.11,0.89,4176.30,102.30,1
USR_0364,14000.00,0.72,0.49,798.01,994.58,0.97,0.56,203.50,0.08,0.92,2822.92,88.66,1
USR_0365,10000.00,0.76,0.71,285.71,699.85,0.81,0.72,203.50,0.12,0.88,2933.00,106.30,1
USR_0366,20000.00,0.1,0.67,631.19,678.88,1.28,0.54,203.50,0.1,0.9,4558.28,103.22,1
USR_0367,25000.00,0.11,0.45,1230.60,1191.93,1.18,0.7,333.00,0.06,0.94,7972.88,47.11,1
USR_0368,20000.00,0.22,0.54,1142.86,832.99,1.6,0.9,333.00,0.09,0.91,2829.91,534.48,0
USR_0369,14000.00,0.55,0.49,1065.00,1268.71,1.47,0.74,277.50,0.09,0.91,3321.77,48.14,1
USR_0370,30000.00,0.2,0.55,642.43,698.15,1.17,0.78,425.50,0.05,0.95,8639.02,377.57,1
USR_0371,18000.00,0.64,0.36,1000.00,1069.04,0.86,0.84,351.50,0.09,0.91,9597.94,431.44,1
USR_0372,20000.00,0.14,0.65,1076.53,1012.39,1.02,0.8,296.00,0.08,0.92,4665.92,175.21,1
USR_0373,20000.00,0.13,0.78,1069.57,1148.25,1.64,0.85,314.50,0.11,0.89,1478.44,459.94,1
USR_0374,30000.00,0.2,0.22,1324.13,958.56,1.3,0.76,407.00,0.05,0.95,15975.29,1212.23,0
USR_0375,30000.00,0.23,0.39,1067.35,676.26,1.69,0.64,351.50,0.06,0.94,13613.99,314.43,1
USR_0376,20000.00,0.16,0.62,1030.83,1042.54,1.17,0.75,277.50,0.1,0.9,1546.13,75.67,1
USR_0377,20000.00,0.23,0.69,611.27,754.19,1.26,0.65,240.50,0.11,0.89,2596.62,35.62,1
USR_0378,45000.00,0.05,0.19,312.72,350.15,1.53,0.36,129.50,0.05,0.88,33434.79,26116.24,0
USR_0379,30000.00,0.19,0.41,1399.81,1189.35,1.22,0.81,444.00,0.06,0.94,10865.30,218.31,1
USR_0380,25000.00,0.11,0.61,1427.35,1015.51,1.08,0.71,333.00,0.08,0.92,3449.96,9.18,1
USR_0381,25000.00,0.16,0.53,848.46,1096.26,1.68,0.73,333.00,0.08,0.92,11595.68,397.21,1
USR_0382,25000.00,0.1,0.58,857.14,638.88,1.44,0.77,351.50,0.07,0.93,7716.78,691.23,0
USR_0383,10000.00,0.77,0.64,310.49,392.28,1.06,0.32,92.50,0.13,0.87,3097.93,425.04,1
USR_0384,30000.00,0.16,0.34,1247.38,855.82,0.85,0.66,370.00,0.06,0.94,13543.07,206.82,1
USR_0385,10000.00,0.73,0.59,852.67,803.75,0.98,0.61,166.50,0.12,0.88,4300.55,226.55,1
USR_0386,30000.00,0.22,0.41,1066.02,1018.32,1.39,0.53,259.00,0.07,0.92,16922.31,4527.24,0
USR_0387,25000.00,0.11,0.55,1669.03,1066.85,1.3,0.85,388.50,0.07,0.93,4593.30,266.47,1
USR_0388,25000.00,0.25,0.48,1113.15,999.40,1.53,0.71,333.00,0.09,0.91,6682.00,20.01,1
USR_0389,10000.00,0.79,0.5,428.84,420.80,1.32,0.45,129.50,0.14,0.87,6370.33,203.97,1
USR_0390,30000.00,0.15,0.32,268.96,387.57,1.18,0.63,277.50,0.06,0.93,16798.62,6254.45,0
USR_0391,18000.00,0.71,0.53,887.85,943.88,0.95,0.52,222.00,0.09,0.91,5756.32,235.89,1
USR_0392,20000.00,0.14,0.77,725.64,644.21,1.69,0.65,240.50,0.08,0.92,3431.26,674.66,0
USR_0393,30000.00,0.22,0.67,2000.00,1069.04,1.64,0.84,462.50,0.07,0.93,2746.52,71.19,1
USR_0394,60000.00,0.06,0.17,767.58,633.20,1.4,0.32,129.50,0.03,0.91,46660.44,38343.75,0
USR_0395,30000.00,0.12,0.48,1147.25,1222.38,0.81,0.78,425.50,0.08,0.92,11614.71,337.38,1
USR_0396,25000.00,0.1,0.58,526.22,467.34,1.41,0.84,388.50,0.07,0.93,8287.48,398.24,1
USR_0397,25000.00,0.16,0.54,806.46,833.55,1.47,0.61,259.00,0.09,0.91,9519.15,2418.39,0
USR_0398,30000.00,0.15,0.49,755.52,1006.24,1.27,0.81,407.00,0.08,0.91,12804.64,3268.89,0
USR_0399,30000.00,0.25,0.33,812.36,989.36,0.87,0.84,462.50,0.07,0.93,14437.30,410.54,1
USR_0400,30000.00,0.2,0.25,1095.16,1256.30,1.0,0.74,407.00,0.06,0.94,16176.95,488.52,1
USR_0401,20000.00,0.24,0.63,790.87,1005.47,1.32,0.69,259.00,0.12,0.88,5357.45,264.95,1
USR_0402,25000.00,0.15,0.54,538.51,520.13,1.25,0.73,333.00,0.09,0.91,9864.79,1007.46,0
USR_0403,10000.00,0.57,0.5,153.34,251.33,1.55,0.48,148.00,0.1,0.9,7854.90,68.45,1
USR_0404,25000.00,0.13,0.42,808.18,841.79,1.02,0.64,296.00,0.09,0.91,9984.87,169.76,1
USR_0405,30000.00,0.14,0.39,874.09,992.59,1.35,0.75,407.00,0.05,0.94,15656.19,579.38,0
USR_0406,30000.00,0.2,0.34,660.67,712.20,1.2,0.72,388.50,0.08,0.92,17401.97,1042.35,0
USR_0407,30000.00,0.2,0.33,281.34,444.92,0.9,0.83,370.00,0.05,0.93,17682.35,6315.05,0
USR_0408,20000.00,0.18,0.71,1043.15,884.32,1.33,0.88,333.00,0.08,0.92,55.33,55.33,1
USR_0409,25000.00,0.18,0.63,1511.52,952.01,1.11,0.76,351.50,0.1,0.9,4354.05,559.97,0
USR_0410,20000.00,0.18,0.52,714.29,1030.16,1.66,0.85,314.50,0.1,0.9,5184.42,643.66,0
USR_0411,30000.00,0.23,0.46,789.88,986.43,1.64,0.76,425.50,0.07,0.93,14161.08,252.17,1
USR_0412,25000.00,0.21,0.37,863.08,944.32,1.04,0.6,259.00,0.09,0.9,9747.79,2508.62,0
USR_0413,60000.00,0.07,0.11,822.35,798.90,1.56,0.5,185.00,0.03,0.91,49284.63,40301.80,0
USR_0414,60000.00,0.02,0.11,177.23,357.64,1.68,0.31,92.50,0.04,0.85,51527.08,44249.73,0
USR_0415,25000.00,0.19,0.4,927.71,954.54,1.69,0.71,333.00,0.09,0.91,11216.72,120.58,1
USR_0416,20000.00,0.12,0.47,874.90,804.20,1.32,0.52,185.00,0.12,0.88,6663.16,1070.58,0
USR_0417,45000.00,0.04,0.2,691.28,374.11,1.12,0.34,148.00,0.05,0.9,33914.73,21851.88,0
USR_0418,20000.00,0.16,0.57,944.53,935.74,1.48,0.7,259.00,0.12,0.88,4066.61,148.29,1
USR_0419,25000.00,0.23,0.38,559.70,722.07,1.24,0.72,333.00,0.1,0.9,13094.12,192.80,1
USR_0420,14000.00,0.72,0.26,931.21,941.03,1.69,0.56,185.00,0.11,0.89,6225.00,523.39,0
USR_0421,30000.00,0.15,0.37,1142.86,832.99,1.44,0.85,444.00,0.07,0.92,13998.80,1947.99,0
USR_0422,20000.00,0.15,0.5,665.47,1010.87,1.19,0.69,259.00,0.1,0.9,3615.97,1.87,1
USR_0423,20000.00,0.19,0.44,88.16,215.95,1.21,0.79,296.00,0.11,0.89,10996.17,116.85,1
USR_0424,25000.00,0.19,0.79,877.05,958.55,1.65,0.73,333.00,0.09,0.91,2232.16,314.64,1
USR_0425,10000.00,0.57,0.53,163.87,401.41,1.61,0.72,222.00,0.09,0.91,7657.12,274.85,1
USR_0426,20000.00,0.11,0.55,599.88,1020.15,1.57,0.74,277.50,0.11,0.89,2916.96,40.22,1
USR_0427,30000.00,0.21,0.24,1122.03,1128.65,1.16,0.79,425.50,0.06,0.93,16237.92,875.93,0
USR_0428,25000.00,0.12,0.42,1075.00,1145.57,1.27,0.75,351.50,0.08,0.92,11096.88,57.43,1
USR_0429,20000.00,0.17,0.52,538.09,719.23,1.31,0.62,222.00,0.09,0.91,9073.70,1272.89,0
USR_0430,30000.00,0.11,0.42,691.71,670.42,1.69,0.64,333.00,0.07,0.93,13764.49,1912.84,0
USR_0431,25000.00,0.17,0.47,1256.97,1169.75,1.25,0.73,333.00,0.08,0.92,8456.05,945.50,0
USR_0432,20000.00,0.15,0.43,537.48,1039.16,0.87,0.77,277.50,0.1,0.9,9797.87,538.69,0
USR_0433,30000.00,0.25,0.54,1520.02,565.24,1.56,0.84,462.50,0.06,0.94,7716.83,587.33,0
USR_0434,60000.00,0.03,0.18,838.60,955.13,0.83,0.34,129.50,0.03,0.93,47413.37,39631.51,0
USR_0435,25000.00,0.16,0.69,1051.26,1158.37,1.27,0.87,407.00,0.07,0.93,5310.92,218.42,1
USR_0436,14000.00,0.58,0.62,913.45,1089.86,1.37,0.91,351.50,0.07,0.93,5428.91,336.41,1
USR_0437,20000.00,0.17,0.96,857.14,1355.26,1.03,0.84,314.50,0.09,0.91,1308.97,352.37,1
USR_0438,60000.00,0.04,0.17,979.71,1291.50,1.1,0.73,444.00,0.03,0.94,43715.23,27121.93,0
USR_0439,10000.00,0.54,0.7,0.00,0.00,1.59,0.7,203.50,0.11,0.89,3145.70,90.20,1
USR_0440,14000.00,0.77,0.6,596.78,1061.90,0.84,0.52,185.00,0.1,0.89,7333.13,1241.30,0
USR_0441,30000.00,0.15,0.4,998.03,1309.32,1.58,0.76,351.50,0.06,0.93,11004.07,4924.52,0
USR_0442,25000.00,0.13,0.68,1843.66,1137.14,1.45,0.81,370.00,0.07,0.93,1758.75,354.42,1
USR_0443,10000.00,0.7,0.54,536.14,479.92,1.63,0.32,92.50,0.11,0.89,5649.56,430.60,1
USR_0444,30000.00,0.23,0.45,1571.43,1293.63,1.55,0.93,499.50,0.05,0.94,7192.45,591.65,0
USR_0445,30000.00,0.16,0.26,1000.00,1195.23,1.36,0.73,296.00,0.06,0.92,19314.55,8218.23,0
USR_0446,20000.00,0.12,0.39,389.29,703.55,1.69,0.45,166.50,0.09,0.91,8881.39,638.14,0
USR_0447,18000.00,0.74,0.31,221.85,370.57,1.18,0.61,240.50,0.07,0.92,15382.17,2943.30,0
USR_0448,30000.00,0.2,0.53,714.29,880.63,1.15,0.72,388.50,0.07,0.93,12447.13,797.89,0
USR_0449,25000.00,0.25,0.44,775.11,963.13,1.24,0.67,314.50,0.09,0.91,7643.01,139.18,1
USR_0450,14000.00,0.57,0.35,877.01,995.28,1.06,0.72,277.50,0.08,0.92,7910.65,66.61,1
USR_0451,30000.00,0.15,0.5,974.00,1048.48,1.66,0.78,425.50,0.07,0.93,10673.02,347.80,1
USR_0452,25000.00,0.14,0.47,1142.86,1355.26,1.38,0.84,388.50,0.07,0.93,9510.71,167.62,1
USR_0453,25000.00,0.14,0.59,1728.36,1022.38,1.3,0.72,333.00,0.08,0.92,5357.68,252.06,1
USR_0454,30000.00,0.22,0.27,714.29,880.63,1.54,0.72,388.50,0.08,0.91,17026.25,709.12,0
USR_0455,45000.00,0.08,0.18,452.07,424.03,1.46,0.28,111.00,0.04,0.92,34350.17,24318.36,0
USR_0456,20000.00,0.2,0.49,838.89,361.34,1.44,0.61,222.00,0.11,0.89,7275.72,436.53,1
USR_0457,25000.00,0.11,0.66,790.98,967.19,1.42,0.68,314.50,0.1,0.9,5805.00,312.41,1
USR_0458,25000.00,0.23,0.34,730.16,1035.28,0.93,0.75,333.00,0.06,0.93,13060.68,1423.22,0
USR_0459,14000.00,0.64,0.45,844.86,1101.78,1.2,0.58,222.00,0.08,0.92,4802.01,145.53,1
USR_0460,20000.00,0.16,0.36,838.42,960.45,0.99,0.55,203.50,0.11,0.89,9047.42,557.75,0
USR_0461,20000.00,0.18,0.75,779.03,996.94,1.57,0.82,296.00,0.1,0.9,641.51,428.78,1
USR_0462,20000.00,0.17,0.44,714.29,1160.58,1.67,0.83,314.50,0.12,0.88,3909.23,147.54,1
USR_0463,18000.00,0.76,0.64,1428.57,1293.63,1.17,0.84,351.50,0.07,0.93,6182.88,520.93,0
USR_0464,25000.00,0.13,0.31,244.22,323.72,1.03,0.69,314.50,0.07,0.93,14321.66,970.71,0
USR_0465,10000.00,0.73,0.45,561.71,1018.78,1.13,0.61,166.50,0.13,0.87,5190.27,292.45,1
USR_0466,30000.00,0.21,0.34,919.67,962.44,1.45,0.57,314.50,0.07,0.92,14141.14,390.02,1
USR_0467,25000.00,0.2,0.46,936.29,1076.27,1.54,0.71,314.50,0.1,0.9,5875.57,1255.68,0
USR_0468,20000.00,0.25,0.84,857.14,1124.86,1.5,0.86,314.50,0.1,0.9,245.65,245.65,1
USR_0469,25000.00,0.24,0.41,801.61,834.57,0.97,0.84,388.50,0.09,0.91,10756.47,571.47,0
USR_0470,30000.00,0.17,0.45,1052.79,1026.64,1.54,0.78,407.00,0.08,0.91,10638.40,2205.45,0
USR_0471,20000.00,0.19,0.46,984.79,896.55,1.2,0.75,277.50,0.09,0.91,8613.07,228.67,1
USR_0472,10000.00,0.59,0.62,0.00,0.00,1.49,0.65,185.00,0.11,0.89,6297.09,123.96,1
USR_0473,30000.00,0.12,0.34,1142.86,1245.40,1.37,0.74,407.00,0.06,0.94,12993.44,137.73,1
USR_0474,14000.00,0.6,0.42,964.04,761.04,0.84,0.57,203.50,0.12,0.87,7932.88,887.55,0
USR_0475,25000.00,0.13,0.61,621.96,463.87,1.28,0.77,351.50,0.07,0.93,4998.06,649.61,0
USR_0476,60000.00,0.05,0.1,208.11,385.72,1.58,0.24,74.00,0.04,0.86,53572.82,44015.84,0
USR_0477,18000.00,0.71,0.58,781.01,1004.63,1.44,0.71,296.00,0.07,0.93,2472.57,320.82,1
USR_0478,60000.00,0.06,0.09,743.84,669.18,0.92,0.19,55.50,0.03,0.89,52540.30,45015.62,0
USR_0479,25000.00,0.11,0.52,955.69,1072.43,1.01,0.72,333.00,0.06,0.94,9412.86,43.30,1
USR_0480,10000.00,0.53,0.59,227.12,386.57,1.32,0.46,129.50,0.15,0.86,3616.11,107.59,1
USR_0481,30000.00,0.22,0.48,1285.71,1277.75,1.1,0.81,444.00,0.05,0.95,12250.16,719.06,0
USR_0482,30000.00,0.16,0.53,1848.77,997.18,1.56,0.84,462.50,0.06,0.94,6401.54,295.96,1
USR_0483,30000.00,0.18,0.32,671.13,1022.33,1.22,0.77,425.50,0.08,0.92,17591.12,365.05,1
USR_0484,30000.00,0.2,0.65,1361.23,1187.25,1.37,0.81,444.00,0.05,0.94,6250.35,348.38,1
USR_0485,30000.00,0.1,0.24,661.79,972.59,1.47,0.61,296.00,0.06,0.94,16717.20,4470.27,0
USR_0486,25000.00,0.17,0.35,362.07,400.73,1.54,0.51,203.50,0.08,0.91,15629.08,4271.53,0
USR_0487,25000.00,0.25,0.41,892.29,1082.62,0.85,0.73,333.00,0.08,0.92,11886.89,649.33,0
USR_0488,45000.00,0.07,0.24,676.66,477.11,1.49,0.35,148.00,0.04,0.93,32157.05,22732.64,0
USR_0489,25000.00,0.13,0.45,714.29,699.85,1.54,0.81,370.00,0.06,0.94,7771.48,205.81,1
USR_0490,10000.00,0.68,0.69,428.57,1049.78,1.38,0.52,148.00,0.13,0.87,4269.09,232.50,1
USR_0491,60000.00,0.05,0.07,570.39,670.74,1.21,0.42,166.50,0.03,0.92,52872.46,38981.50,0
USR_0492,25000.00,0.21,0.69,1359.47,1090.84,1.65,0.77,351.50,0.07,0.93,4347.24,262.15,1
USR_0493,25000.00,0.16,0.77,1050.20,1013.80,1.47,0.73,333.00,0.09,0.91,1021.47,444.54,1
USR_0494,30000.00,0.22,0.32,857.14,1124.86,1.26,0.86,481.00,0.06,0.94,15194.79,228.08,1
USR_0495,25000.00,0.17,0.69,1443.50,1367.01,0.96,0.76,351.50,0.09,0.91,4137.34,553.26,0
USR_0496,14000.00,0.72,0.54,551.70,483.42,1.18,0.66,240.50,0.12,0.88,9039.64,948.11,0
USR_0497,45000.00,0.08,0.31,1413.43,1404.83,1.41,0.6,296.00,0.05,0.92,24334.56,18136.84,0
USR_0498,25000.00,0.19,0.61,715.26,1030.43,0.83,0.56,259.00,0.1,0.9,7888.42,99.39,1
USR_0499,25000.00,0.24,0.52,559.92,418.87,0.88,0.67,314.50,0.1,0.9,10807.21,208.95,1
USR_0500,60000.00,0.04,0.08,276.20,361.50,1.59,0.6,222.00,0.03,0.92,53655.82,40190.86,0
USR_0501,30000.00,0.11,0.45,511.28,447.50,1.43,0.8,444.00,0.08,0.92,12113.09,104.34,1
USR_0502,18000.00,0.76,0.43,993.58,1034.28,0.92,0.56,240.50,0.09,0.91,6615.77,719.09,0
USR_0503,30000.00,0.15,0.14,142.15,348.19,1.06,0.46,129.50,0.06,0.88,25420.60,15051.48,0
USR_0504,14000.00,0.56,0.63,777.43,571.93,1.13,0.52,185.00,0.12,0.88,4617.52,566.63,0
USR_0505,14000.00,0.77,0.48,871.15,788.59,1.63,0.66,240.50,0.09,0.91,5222.18,676.44,0
USR_0506,14000.00,0.6,0.56,768.33,618.00,1.53,0.57,222.00,0.1,0.9,6276.15,442.52,1
USR_0507,18000.00,0.68,0.74,499.38,1035.10,1.13,0.77,333.00,0.1,0.9,6256.95,303.99,1
USR_0508,20000.00,0.23,0.37,692.11,1030.74,1.5,0.69,259.00,0.12,0.88,8974.83,143.91,1
USR_0509,45000.00,0.04,0.11,1214.27,1198.79,1.49,0.43,148.00,0.04,0.91,34742.84,26710.49,0
USR_0510,45000.00,0.05,0.21,253.60,242.60,1.29,0.26,92.50,0.05,0.88,34971.30,25732.41,0
USR_0511,20000.00,0.22,0.74,743.84,1001.98,0.86,0.63,240.50,0.09,0.92,2429.03,21.72,1
USR_0512,30000.00,0.17,0.3,1428.57,1049.78,0.98,0.89,481.00,0.06,0.94,12255.23,461.94,1
USR_0513,30000.00,0.11,0.38,910.57,1091.26,1.35,0.72,388.50,0.06,0.94,14718.01,1312.43,0
USR_0514,30000.00,0.24,0.45,668.88,1032.81,1.0,0.83,462.50,0.06,0.94,15922.04,325.83,1
USR_0515,30000.00,0.12,0.56,1130.89,1101.45,0.81,0.76,425.50,0.07,0.93,7178.45,167.55,1
USR_0516,45000.00,0.05,0.23,933.18,766.97,0.93,0.21,74.00,0.03,0.92,32210.63,27154.89,0
USR_0517,60000.00,0.07,0.11,460.69,299.07,1.4,0.07,18.50,0.03,0.89,50725.24,45361.94,0
USR_0518,25000.00,0.23,0.76,1285.71,1277.75,1.01,0.9,407.00,0.08,0.92,4126.42,498.50,1
USR_0519,30000.00,0.2,0.4,907.84,1328.63,1.33,0.85,462.50,0.06,0.94,11113.73,509.10,0
USR_0520,30000.00,0.22,0.39,1069.94,1016.04,1.51,0.74,351.50,0.06,0.94,14890.00,4505.54,0
USR_0521,10000.00,0.69,0.53,233.86,276.88,1.17,0.29,92.50,0.11,0.89,7739.96,72.22,1
USR_0522,20000.00,0.24,0.45,1103.38,1133.99,1.62,0.61,222.00,0.12,0.88,3723.06,691.07,0
USR_0523,14000.00,0.76,0.38,362.30,693.70,1.24,0.68,240.50,0.11,0.89,9730.58,159.55,1
USR_0524,25000.00,0.23,0.36,868.98,944.60,0.88,0.67,296.00,0.1,0.9,14563.32,1473.52,0
USR_0525,30000.00,0.17,0.3,779.98,643.45,1.27,0.76,388.50,0.06,0.94,14311.04,2869.35,0
USR_0526,20000.00,0.23,0.48,538.73,472.53,1.1,0.79,296.00,0.12,0.88,7278.51,149.01,1
USR_0527,20000.00,0.21,0.56,1070.79,1032.52,0.99,0.64,240.50,0.1,0.9,3014.48,122.23,1
USR_0528,10000.00,0.77,0.39,362.83,266.62,1.56,0.46,129.50,0.12,0.88,8534.23,507.04,0
USR_0529,30000.00,0.12,0.41,1629.05,1107.51,0.92,0.81,444.00,0.08,0.92,8123.13,500.22,0
USR_0530,18000.00,0.72,0.44,1042.76,872.76,1.01,0.64,277.50,0.07,0.93,8475.31,929.47,0
USR_0531,18000.00,0.71,0.53,1033.23,1273.27,1.18,0.8,351.50,0.09,0.91,4244.99,173.73,1
USR_0532,20000.00,0.25,0.67,936.29,1062.10,1.01,0.66,240.50,0.12,0.88,4087.17,405.26,1
USR_0533,10000.00,0.79,0.56,428.57,1049.78,1.33,0.7,222.00,0.14,0.86,7924.59,148.89,1
USR_0534,30000.00,0.1,0.49,569.35,493.09,1.21,0.9,499.50,0.05,0.95,13755.56,304.58,1
USR_0535,20000.00,0.15,0.62,818.95,1123.90,1.7,0.66,240.50,0.11,0.89,2117.27,206.10,1
USR_0536,10000.00,0.51,0.32,868.67,951.77,1.3,0.39,111.00,0.1,0.9,5059.75,19.52,1
USR_0537,60000.00,0.07,0.14,218.45,348.67,1.42,0.36,148.00,0.03,0.92,52028.23,38730.61,0
USR_0538,30000.00,0.22,0.33,1253.35,1273.68,1.0,0.73,370.00,0.08,0.92,14026.21,2894.12,0
USR_0539,30000.00,0.11,0.35,974.00,544.68,0.86,0.78,425.50,0.08,0.92,15143.56,600.59,0
USR_0540,30000.00,0.18,0.51,1256.56,1151.19,0.95,0.86,481.00,0.08,0.92,12227.04,36.62,1
USR_0541,30000.00,0.13,0.28,714.29,1030.16,1.47,0.81,370.00,0.07,0.91,16133.71,5788.20,0
USR_0542,10000.00,0.78,0.57,75.79,185.64,1.56,0.55,166.50,0.1,0.89,4808.54,381.23,1
USR_0543,18000.00,0.76,0.43,857.14,1124.86,1.25,0.75,314.50,0.07,0.93,8272.71,412.48,1
USR_0544,30000.00,0.15,0.58,714.29,1160.58,0.88,0.74,388.50,0.07,0.93,12913.89,2113.79,0
USR_0545,20000.00,0.2,0.9,142.86,349.93,1.38,0.87,314.50,0.1,0.89,842.35,283.87,1
USR_0546,30000.00,0.2,0.25,640.11,1025.60,0.99,0.77,333.00,0.07,0.91,19542.09,6918.47,0
USR_0547,10000.00,0.55,0.55,636.76,452.77,0.9,0.21,55.50,0.16,0.84,4619.73,763.57,0
USR_0548,30000.00,0.21,0.14,768.84,970.02,1.23,0.65,333.00,0.07,0.92,21195.48,2321.17,0
USR_0549,30000.00,0.12,0.47,662.47,1019.93,0.96,0.76,425.50,0.08,0.92,12587.64,333.27,1
USR_0550,20000.00,0.18,0.47,554.33,489.97,1.61,0.69,259.00,0.11,0.89,9060.29,184.32,1
USR_0551,20000.00,0.25,0.76,1186.63,1322.19,1.54,0.89,333.00,0.09,0.91,173.85,173.85,1
USR_0552,20000.00,0.1,0.69,948.45,1074.19,0.86,0.68,259.00,0.12,0.88,2180.03,143.03,1
USR_0553,14000.00,0.66,0.57,318.90,291.92,1.17,0.55,185.00,0.09,0.91,6452.21,203.00,1
USR_0554,30000.00,0.16,0.33,1011.91,1040.74,1.68,0.83,425.50,0.07,0.92,16764.47,1969.75,0
USR_0555,25000.00,0.21,0.38,1000.00,1195.23,0.99,0.8,370.00,0.1,0.9,9665.30,135.65,1
USR_0556,18000.00,0.66,0.42,1000.00,1195.23,1.32,0.73,296.00,0.09,0.9,8724.86,762.69,0
USR_0557,25000.00,0.14,0.32,742.39,592.58,1.31,0.65,296.00,0.08,0.92,13594.33,772.75,0
USR_0558,20000.00,0.21,0.7,1278.46,1037.84,0.96,0.7,259.00,0.11,0.89,1402.95,543.60,0
USR_0559,20000.00,0.15,0.4,1142.86,1355.26,1.46,0.76,277.50,0.1,0.9,6171.30,411.19,1
USR_0560,25000.00,0.2,0.47,1141.79,990.10,1.67,0.68,314.50,0.07,0.93,7178.25,0.39,1
USR_0561,18000.00,0.51,0.73,608.59,704.58,1.19,0.69,296.00,0.09,0.92,4824.27,79.55,1
USR_0562,20000.00,0.13,0.71,751.72,1141.00,1.68,0.82,296.00,0.1,0.9,822.69,422.53,1
USR_0563,25000.00,0.15,0.38,1310.12,1025.11,1.09,0.77,333.00,0.07,0.93,12047.06,1779.94,0
USR_0564,25000.00,0.24,0.33,745.01,1011.43,1.14,0.81,370.00,0.08,0.92,12329.05,788.16,0
USR_0565,30000.00,0.17,0.57,1007.67,1032.12,0.89,0.84,444.00,0.07,0.92,10779.64,1832.72,0
USR_0566,25000.00,0.17,0.31,571.43,728.43,1.33,0.93,407.00,0.07,0.93,11899.85,1714.85,0
USR_0567,60000.00,0.06,0.18,351.73,357.01,1.2,0.42,203.50,0.03,0.92,47632.05,33815.96,0
USR_0568,30000.00,0.14,0.4,627.44,1028.03,1.03,0.84,462.50,0.08,0.92,13654.17,80.06,1
USR_0569,20000.00,0.14,0.62,1331.75,944.00,1.23,0.68,259.00,0.09,0.91,4277.68,203.68,1
USR_0570,20000.00,0.23,0.7,1114.83,1130.50,1.36,0.74,277.50,0.09,0.91,3520.74,213.07,1
USR_0571,25000.00,0.23,0.41,1000.00,1069.04,0.88,0.65,296.00,0.06,0.94,10572.16,884.02,0
USR_0572,14000.00,0.72,0.76,603.54,1017.13,1.42,0.71,240.50,0.1,0.9,1611.24,341.07,1
USR_0573,18000.00,0.54,0.35,1239.35,1280.49,1.52,0.69,314.50,0.08,0.92,11670.39,795.92,0
USR_0574,20000.00,0.13,0.73,597.39,746.26,0.94,0.81,296.00,0.12,0.88,2979.21,733.40,0
USR_0575,14000.00,0.74,0.58,641.36,700.94,1.49,0.65,240.50,0.1,0.9,5061.46,110.03,1
USR_0576,25000.00,0.16,0.63,1251.39,1043.03,1.32,0.86,388.50,0.07,0.93,1403.72,385.22,1
USR_0577,30000.00,0.19,0.23,846.49,988.55,0.95,0.85,351.50,0.06,0.92,18250.66,7611.37,0
USR_0578,30000.00,0.21,0.49,786.16,733.37,1.36,0.63,351.50,0.08,0.92,10539.65,538.98,0
USR_0579,20000.00,0.1,0.76,885.70,943.29,1.54,0.6,222.00,0.11,0.89,2793.19,107.89,1
USR_0580,30000.00,0.1,0.46,1142.16,989.85,1.01,0.83,444.00,0.05,0.94,11888.61,1703.61,0
USR_0581,20000.00,0.13,0.64,857.14,832.99,0.84,0.85,314.50,0.08,0.92,1698.04,466.23,1
USR_0582,20000.00,0.24,0.46,208.73,271.29,1.39,0.8,296.00,0.09,0.91,8244.18,559.07,0
USR_0583,25000.00,0.2,0.4,732.00,995.55,1.04,0.61,240.50,0.1,0.88,10975.40,4221.15,0
USR_0584,60000.00,0.06,0.18,518.81,286.86,0.92,0.57,259.00,0.04,0.91,47617.76,35635.93,0
USR_0585,25000.00,0.24,0.51,799.50,1126.40,1.52,0.75,333.00,0.1,0.9,10283.10,873.09,0
USR_0586,18000.00,0.76,0.41,897.49,548.63,1.42,0.49,222.00,0.1,0.9,8060.41,292.72,1
USR_0587,20000.00,0.12,0.62,962.49,1070.70,0.94,0.71,259.00,0.08,0.92,820.34,481.75,1
USR_0588,30000.00,0.17,0.58,510.83,707.60,1.69,0.87,462.50,0.06,0.94,11902.73,1364.59,0
USR_0589,30000.00,0.14,0.42,856.33,1124.76,0.93,0.79,425.50,0.08,0.92,16494.55,796.83,0
USR_0590,20000.00,0.12,0.52,813.49,986.20,1.47,0.68,259.00,0.09,0.91,4744.90,152.92,1
USR_0591,20000.00,0.15,0.57,1288.15,1029.61,0.82,0.65,240.50,0.09,0.91,3910.80,346.85,1
USR_0592,25000.00,0.25,0.38,414.02,479.10,1.24,0.63,259.00,0.09,0.9,12107.67,3015.63,0
USR_0593,60000.00,0.05,0.12,887.39,654.97,1.48,0.26,92.50,0.03,0.9,49401.32,41488.40,0
USR_0594,18000.00,0.57,0.35,970.39,939.76,1.46,0.71,314.50,0.1,0.9,7117.35,181.07,1
USR_0595,10000.00,0.73,0.57,714.29,1030.16,0.83,0.71,222.00,0.14,0.86,5994.92,557.68,0
USR_0596,10000.00,0.6,0.65,48.25,118.19,0.9,0.73,203.50,0.15,0.85,5592.37,579.82,0
USR_0597,25000.00,0.22,0.68,1363.43,940.69,1.11,0.76,351.50,0.09,0.91,1066.76,58.23,1
USR_0598,14000.00,0.74,0.72,343.08,408.02,0.92,0.76,259.00,0.13,0.87,3518.48,152.00,1
USR_0599,30000.00,0.2,0.35,816.80,835.40,0.9,0.78,425.50,0.06,0.94,16824.35,456.21,1
USR_0600,25000.00,0.24,0.45,1026.34,1310.90,1.63,0.73,333.00,0.1,0.9,7819.73,395.66,1
USR_0601,25000.00,0.14,0.36,1177.40,1092.48,1.26,0.88,407.00,0.09,0.91,8179.48,31.48,1
USR_0602,20000.00,0.24,0.65,1312.83,1024.76,1.43,0.68,240.50,0.09,0.9,1685.94,843.89,0
USR_0603,20000.00,0.16,0.36,1046.73,1265.54,1.46,0.66,240.50,0.09,0.9,8689.43,347.28,1
USR_0604,10000.00,0.51,0.7,132.80,325.28,1.68,0.4,111.00,0.16,0.84,5040.21,122.02,1
USR_0605,25000.00,0.21,0.64,594.05,633.93,0.89,0.67,314.50,0.09,0.91,8231.66,49.48,1
USR_0606,20000.00,0.23,0.8,714.29,1160.58,1.17,0.83,314.50,0.12,0.89,1657.84,235.58,1
USR_0607,10000.00,0.78,0.69,285.71,699.85,1.14,0.7,185.00,0.11,0.89,4637.67,29.03,1
USR_0608,25000.00,0.14,0.61,980.14,1070.15,1.5,0.65,296.00,0.09,0.91,6888.29,548.32,0
USR_0609,20000.00,0.24,0.99,0.00,0.00,0.81,0.91,333.00,0.09,0.91,280.32,280.32,1
USR_0610,25000.00,0.17,0.42,860.73,833.65,0.89,0.72,333.00,0.09,0.91,8861.16,343.88,1
USR_0611,30000.00,0.17,0.55,1428.57,1293.63,1.37,0.84,444.00,0.08,0.92,7418.85,1340.55,0
USR_0612,25000.00,0.16,0.34,673.99,694.57,1.11,0.45,185.00,0.1,0.89,14101.75,2842.98,0
USR_0613,10000.00,0.72,0.69,224.92,373.38,1.13,0.74,203.50,0.11,0.89,2001.53,391.50,1
USR_0614,25000.00,0.1,0.58,797.73,968.99,1.48,0.72,333.00,0.09,0.91,8521.61,147.08,1
USR_0615,20000.00,0.14,0.52,700.67,652.16,0.94,0.79,296.00,0.1,0.9,7809.58,227.23,1
USR_0616,18000.00,0.51,0.4,1233.47,1170.86,1.39,0.59,259.00,0.07,0.93,7212.97,632.06,0
USR_0617,30000.00,0.15,0.33,319.30,505.84,1.21,0.72,388.50,0.08,0.92,16243.05,840.02,0
USR_0618,20000.00,0.13,0.66,1551.38,1023.21,1.08,0.63,240.50,0.1,0.91,1189.52,97.36,1
USR_0619,30000.00,0.22,0.52,1285.71,1277.75,1.37,0.85,462.50,0.06,0.94,10367.35,762.74,0
USR_0620,30000.00,0.14,0.47,1428.57,1178.03,1.29,0.89,499.50,0.06,0.94,10471.72,172.23,1
USR_0621,14000.00,0.55,0.38,569.48,727.30,1.27,0.78,277.50,0.11,0.89,9708.55,1040.71,0
USR_0622,14000.00,0.5,0.75,571.43,903.51,0.97,0.73,259.00,0.13,0.87,2237.98,249.04,1
USR_0623,60000.00,0.05,0.07,226.57,374.94,1.01,0.3,92.50,0.04,0.86,54556.45,43779.09,0
USR_0624,30000.00,0.15,0.52,1404.74,916.60,1.48,0.71,388.50,0.07,0.93,6967.30,1001.98,0
USR_0625,30000.00,0.14,0.43,835.01,1123.35,1.28,0.68,314.50,0.07,0.91,16622.93,5363.37,0
USR_0626,20000.00,0.21,0.47,892.88,943.64,1.52,0.73,277.50,0.1,0.9,3514.92,185.79,1
USR_0627,45000.00,0.05,0.19,1433.22,1143.88,1.6,0.54,240.50,0.04,0.92,27694.64,21533.39,0
USR_0628,25000.00,0.19,0.39,833.82,830.95,0.88,0.6,277.50,0.07,0.93,9352.96,112.93,1
USR_0629,25000.00,0.13,0.53,493.23,705.39,0.93,0.73,333.00,0.1,0.9,7737.46,640.93,0
USR_0630,20000.00,0.2,0.49,1362.92,1212.39,1.52,0.71,259.00,0.1,0.9,2736.65,900.00,0
USR_0631,14000.00,0.54,0.4,592.97,515.89,1.21,0.62,222.00,0.11,0.89,7858.94,97.97,1
USR_0632,45000.00,0.04,0.13,340.65,341.46,1.39,0.35,111.00,0.05,0.88,38658.71,28538.56,0
USR_0633,14000.00,0.6,0.51,770.70,1019.57,1.66,0.61,222.00,0.13,0.87,7371.18,176.53,1
USR_0634,25000.00,0.2,0.76,708.32,697.57,0.88,0.76,351.50,0.09,0.91,4395.25,124.60,1
USR_0635,10000.00,0.53,0.57,330.37,690.10,1.25,0.54,166.50,0.12,0.88,6846.08,115.32,1
USR_0636,60000.00,0.03,0.11,715.20,479.34,1.08,0.12,37.00,0.04,0.86,51033.80,43347.70,0
USR_0637,25000.00,0.16,0.18,333.06,399.30,1.5,0.77,314.50,0.09,0.9,19056.96,3037.45,0
USR_0638,60000.00,0.03,0.16,901.07,1097.01,1.38,0.4,148.00,0.03,0.91,48183.33,40498.96,0
USR_0639,30000.00,0.14,0.32,684.04,452.50,1.17,0.77,370.00,0.06,0.93,17942.73,4303.02,0
USR_0640,30000.00,0.24,0.33,981.74,757.25,1.66,0.69,333.00,0.08,0.91,15236.33,4082.46,0
USR_0641,60000.00,0.04,0.09,618.24,688.81,0.91,0.11,37.00,0.03,0.89,51617.22,41999.00,0
USR_0642,25000.00,0.14,0.52,639.57,875.39,1.67,0.85,388.50,0.06,0.93,12004.38,781.62,0
USR_0643,45000.00,0.03,0.2,855.60,992.00,1.08,0.15,55.50,0.04,0.91,33745.17,25292.63,0
USR_0644,30000.00,0.16,0.3,1057.95,1041.41,1.18,0.72,370.00,0.05,0.95,16140.37,2081.20,0
USR_0645,30000.00,0.16,0.26,596.91,745.89,1.01,0.68,277.50,0.05,0.92,18601.75,8635.80,0
USR_0646,60000.00,0.03,0.1,811.47,1111.19,1.45,0.7,259.00,0.04,0.89,49948.06,40570.72,0
USR_0647,60000.00,0.06,0.2,993.32,891.63,0.8,0.56,277.50,0.04,0.91,45216.60,33391.23,0
USR_0648,25000.00,0.12,0.66,2000.00,925.82,0.96,0.81,370.00,0.07,0.93,1042.31,208.44,1
USR_0649,30000.00,0.21,0.34,1331.26,1236.12,1.07,0.87,481.00,0.07,0.93,11177.37,468.66,1
USR_0650,20000.00,0.15,0.53,1599.52,1122.12,1.49,0.74,277.50,0.08,0.92,2944.13,40.97,1
USR_0651,30000.00,0.24,0.37,643.01,1025.17,1.11,0.82,462.50,0.07,0.94,14021.84,91.00,1
USR_0652,30000.00,0.22,0.35,1142.86,1124.86,1.4,0.9,499.50,0.06,0.94,11910.97,146.81,1
USR_0653,20000.00,0.24,0.51,1000.00,1309.31,0.98,0.8,296.00,0.12,0.89,3439.96,384.46,1
USR_0654,30000.00,0.11,0.41,1630.84,1105.53,1.1,0.82,462.50,0.07,0.93,9680.28,7.23,1
USR_0655,20000.00,0.21,0.47,1664.15,1208.59,1.61,0.75,277.50,0.1,0.9,3319.58,264.08,1
USR_0656,30000.00,0.2,0.21,428.57,728.43,1.28,0.73,296.00,0.08,0.89,23238.95,8747.57,0
USR_0657,20000.00,0.17,0.54,428.57,728.43,1.49,0.76,277.50,0.12,0.87,6432.60,464.74,1
USR_0658,10000.00,0.78,0.63,127.27,311.75,1.43,0.51,148.00,0.1,0.9,3131.44,574.75,0
USR_0659,20000.00,0.11,0.69,655.78,690.58,0.9,0.83,314.50,0.1,0.9,4185.10,111.10,1
USR_0660,18000.00,0.65,0.48,658.12,708.23,0.99,0.62,259.00,0.1,0.9,6671.45,538.41,0
USR_0661,14000.00,0.65,0.54,499.23,462.91,0.95,0.64,222.00,0.1,0.9,5947.43,476.23,1
USR_0662,20000.00,0.13,0.66,1028.82,1172.99,1.04,0.89,333.00,0.1,0.9,65.39,65.39,1
USR_0663,20000.00,0.25,0.61,1082.44,856.18,1.7,0.75,277.50,0.09,0.91,1992.25,13.34,1
USR_0664,60000.00,0.05,0.2,1107.78,972.22,0.81,0.45,222.00,0.03,0.93,46207.21,33921.16,0
USR_0665,25000.00,0.22,0.45,1571.43,728.43,1.42,0.76,351.50,0.1,0.9,8097.45,564.90,0
USR_0666,25000.00,0.1,0.33,953.87,931.11,1.11,0.84,388.50,0.1,0.9,12613.25,391.25,1
USR_0667,20000.00,0.16,0.76,893.04,1077.32,1.19,0.74,277.50,0.11,0.89,1238.69,220.19,1
USR_0668,30000.00,0.18,0.35,285.81,462.87,1.26,0.79,388.50,0.05,0.94,16152.50,3994.04,0
USR_0669,20000.00,0.25,0.36,1002.68,1071.62,1.3,0.59,222.00,0.08,0.92,5335.72,153.12,1
USR_0670,25000.00,0.19,0.28,714.29,1030.16,1.31,0.86,370.00,0.08,0.92,14854.49,2284.50,0
USR_0671,20000.00,0.13,0.4,1123.13,1248.60,1.52,0.65,240.50,0.11,0.89,3324.34,268.84,1
USR_0672,25000.00,0.2,0.54,1430.67,1177.28,1.58,0.71,333.00,0.09,0.91,8162.27,351.81,1
USR_0673,10000.00,0.54,0.68,158.63,278.24,1.24,0.72,203.50,0.13,0.87,3450.60,240.19,1
USR_0674,30000.00,0.19,0.39,1293.23,1247.80,1.41,0.83,462.50,0.05,0.95,11751.88,175.90,1
USR_0675,25000.00,0.19,0.45,840.08,797.89,0.84,0.61,277.50,0.1,0.9,9566.82,528.47,0
USR_0676,30000.00,0.24,0.5,1478.81,985.03,1.0,0.73,407.00,0.07,0.93,9251.10,103.19,1
USR_0677,18000.00,0.69,0.37,490.82,438.24,1.65,0.55,222.00,0.09,0.9,10571.92,1873.80,0
USR_0678,25000.00,0.19,0.35,592.04,696.39,1.62,0.68,314.50,0.07,0.93,13570.48,278.13,1
USR_0679,30000.00,0.16,0.34,1714.29,1277.75,1.13,0.91,499.50,0.06,0.94,11491.49,828.94,0
USR_0680,14000.00,0.73,0.69,907.24,1092.93,1.6,0.7,259.00,0.09,0.91,4998.87,180.90,1
USR_0681,30000.00,0.16,0.3,1047.38,1030.32,1.14,0.79,425.50,0.08,0.92,15443.21,1136.46,0
USR_0682,20000.00,0.22,0.8,1358.26,792.95,0.94,0.65,240.50,0.11,0.88,490.89,151.03,1
USR_0683,20000.00,0.24,0.62,1201.23,1199.18,1.49,0.8,296.00,0.09,0.91,653.73,9.76,1
USR_0684,30000.00,0.16,0.34,1285.71,880.63,1.54,0.74,370.00,0.08,0.91,14972.11,2981.09,0
USR_0685,25000.00,0.18,0.5,906.13,1101.46,0.86,0.79,370.00,0.09,0.91,9039.36,239.20,1
USR_0686,20000.00,0.1,0.88,754.45,664.91,1.21,0.8,296.00,0.11,0.89,1312.43,293.93,1
USR_0687,25000.00,0.16,0.32,1679.07,1300.15,1.33,0.76,351.50,0.06,0.93,8178.75,97.67,1
USR_0688,10000.00,0.77,0.5,451.66,748.47,0.92,0.37,111.00,0.15,0.85,6621.21,227.64,1
USR_0689,20000.00,0.19,0.65,1142.86,1124.86,1.29,0.85,314.50,0.09,0.91,974.49,114.62,1
USR_0690,25000.00,0.11,0.55,868.47,1126.64,1.52,0.72,333.00,0.09,0.91,9043.87,626.94,0
USR_0691,14000.00,0.6,0.68,571.43,1049.78,0.81,0.84,314.50,0.09,0.91,3833.57,102.73,1
USR_0692,30000.00,0.15,0.3,553.58,679.83,1.42,0.56,259.00,0.06,0.93,19878.26,5757.17,0
USR_0693,45000.00,0.04,0.27,386.05,374.44,1.01,0.34,129.50,0.04,0.92,31251.69,25031.94,0
USR_0694,20000.00,0.16,0.23,845.56,837.67,1.39,0.58,203.50,0.12,0.87,8669.49,1325.77,0
USR_0695,20000.00,0.17,0.82,1428.57,1178.03,1.34,0.79,296.00,0.12,0.88,1861.61,125.52,1
USR_0696,30000.00,0.19,0.39,888.97,1083.37,1.69,0.75,370.00,0.07,0.93,12436.77,3490.65,0
USR_0697,20000.00,0.11,0.62,1142.86,1245.40,1.14,0.75,277.50,0.12,0.88,3816.87,608.05,0
USR_0698,60000.00,0.02,0.1,376.12,440.94,0.85,0.07,18.50,0.03,0.89,52593.78,45826.86,0
USR_0699,25000.00,0.14,0.21,1390.57,1053.57,1.01,0.8,370.00,0.07,0.93,10601.92,280.43,1
USR_0700,20000.00,0.11,0.57,539.46,469.12,1.52,0.59,222.00,0.1,0.9,5751.75,260.01,1
USR_0701,20000.00,0.23,0.71,1135.43,1125.95,1.49,0.81,296.00,0.08,0.92,2598.48,848.78,0
USR_0702,45000.00,0.07,0.25,1154.97,1123.71,1.0,0.42,203.50,0.05,0.91,29888.24,19127.35,0
USR_0703,20000.00,0.2,0.65,1351.13,966.25,1.15,0.76,277.50,0.11,0.89,2109.93,619.59,0
USR_0704,30000.00,0.16,0.55,857.14,1124.86,1.07,0.85,462.50,0.07,0.93,10191.88,439.89,1
USR_0705,20000.00,0.15,0.61,746.94,620.74,1.64,0.59,222.00,0.12,0.89,3319.40,421.11,1
USR_0706,25000.00,0.21,0.49,1606.94,1133.01,0.91,0.72,333.00,0.07,0.93,7258.33,559.49,0
USR_0707,60000.00,0.02,0.12,665.26,380.25,1.38,0.16,55.50,0.04,0.89,48665.29,41640.82,0
USR_0708,25000.00,0.11,0.59,390.23,676.94,1.28,0.77,351.50,0.09,0.91,7621.90,688.02,0
USR_0709,25000.00,0.15,0.6,1328.45,1117.14,1.17,0.89,407.00,0.08,0.92,2549.78,18.78,1
USR_0710,25000.00,0.15,0.57,1014.36,1040.73,0.86,0.76,351.50,0.09,0.91,6892.64,35.08,1
USR_0711,14000.00,0.55,0.68,142.86,349.93,1.3,0.7,259.00,0.09,0.91,6770.98,249.24,1
USR_0712,20000.00,0.16,0.46,857.14,832.99,1.43,0.84,314.50,0.08,0.92,6286.14,349.79,1
USR_0713,20000.00,0.2,0.42,1355.90,1432.89,1.04,0.79,296.00,0.08,0.92,5076.25,160.38,1
USR_0714,30000.00,0.14,0.16,393.62,705.69,1.66,0.62,222.00,0.06,0.91,23028.31,10904.14,0
USR_0715,25000.00,0.19,0.69,1155.08,940.42,1.23,0.8,370.00,0.09,0.91,30.08,30.08,1
USR_0716,25000.00,0.25,0.41,903.53,747.43,1.43,0.76,351.50,0.07,0.93,12475.57,541.17,0
USR_0717,60000.00,0.07,0.11,877.31,995.19,1.43,0.39,129.50,0.03,0.89,49663.68,42844.48,0
USR_0718,25000.00,0.25,0.4,1352.53,1218.69,1.6,0.76,351.50,0.09,0.91,9555.65,286.17,1
USR_0719,14000.00,0.58,0.47,658.38,1011.16,1.35,0.64,222.00,0.11,0.88,9983.09,2344.93,0
USR_0720,60000.00,0.05,0.1,758.38,569.30,1.47,0.24,74.00,0.03,0.9,51414.24,43809.32,0
USR_0721,60000.00,0.02,0.18,730.38,653.37,1.14,0.26,92.50,0.03,0.91,47501.33,41244.65,0
USR_0722,18000.00,0.57,0.48,996.93,145.13,1.43,0.67,296.00,0.07,0.93,7451.49,370.05,1
USR_0723,20000.00,0.15,0.62,370.99,464.05,0.99,0.67,240.50,0.08,0.92,5551.91,507.50,0
USR_0724,25000.00,0.22,0.42,1204.26,1172.47,1.17,0.61,277.50,0.08,0.91,10615.94,841.44,0
USR_0725,20000.00,0.12,0.74,858.83,990.00,1.45,0.65,240.50,0.12,0.88,3615.81,275.80,1
USR_0726,25000.00,0.16,0.6,1428.57,1049.78,1.48,0.88,407.00,0.08,0.92,5324.94,118.24,1
USR_0727,20000.00,0.17,0.76,763.11,834.90,1.12,0.73,277.50,0.08,0.92,1681.34,24.45,1
USR_0728,14000.00,0.53,0.58,848.92,831.83,0.97,0.49,166.50,0.12,0.87,7999.55,2746.73,0
USR_0729,10000.00,0.53,0.61,654.24,1023.98,1.65,0.48,129.50,0.14,0.86,3774.13,1089.50,0
USR_0730,30000.00,0.11,0.23,449.79,403.41,1.44,0.63,203.50,0.05,0.91,17578.78,12541.02,0
USR_0731,30000.00,0.11,0.24,1144.64,1096.22,1.14,0.63,296.00,0.06,0.93,15105.55,4775.82,0
USR_0732,25000.00,0.19,0.47,1172.19,1097.00,1.26,0.69,277.50,0.06,0.93,11789.32,3950.77,0
USR_0733,25000.00,0.22,0.24,1523.49,1319.87,1.47,0.86,388.50,0.07,0.93,7272.71,723.67,0
USR_0734,25000.00,0.13,0.34,982.73,891.10,1.18,0.6,240.50,0.07,0.92,12322.09,3558.53,0
USR_0735,25000.00,0.15,0.58,754.33,822.13,1.57,0.75,351.50,0.07,0.93,7770.50,8.68,1
USR_0736,18000.00,0.76,0.32,697.63,645.33,1.34,0.6,259.00,0.09,0.91,14552.01,1397.37,0
USR_0737,18000.00,0.55,0.36,1150.63,988.80,1.09,0.76,333.00,0.06,0.94,11217.89,885.93,0
USR_0738,30000.00,0.18,0.46,743.41,838.88,1.51,0.75,388.50,0.06,0.93,12262.35,1803.83,0
USR_0739,20000.00,0.18,0.53,530.00,408.97,1.0,0.65,240.50,0.11,0.89,5820.24,512.27,0
USR_0740,14000.00,0.51,0.55,661.68,707.72,1.18,0.77,296.00,0.08,0.92,7920.30,428.02,1
USR_0741,25000.00,0.22,0.43,277.13,382.15,1.0,0.77,351.50,0.09,0.91,9744.45,487.07,1
USR_0742,20000.00,0.15,0.59,847.17,958.38,0.86,0.79,296.00,0.09,0.91,7010.84,465.85,1
USR_0743,18000.00,0.6,0.65,1278.56,1038.52,1.18,0.69,314.50,0.06,0.94,5060.61,369.29,1
USR_0744,18000.00,0.78,0.52,845.94,1004.11,1.37,0.57,240.50,0.09,0.9,7508.16,1250.74,0
USR_0745,20000.00,0.22,0.49,1513.24,1090.34,1.51,0.64,240.50,0.1,0.9,6092.62,92.92,1
USR_0746,25000.00,0.15,0.73,1644.89,950.55,1.53,0.81,370.00,0.09,0.91,917.35,294.33,1
USR_0747,14000.00,0.79,0.42,699.80,1010.62,1.31,0.53,203.50,0.09,0.91,8165.27,58.55,1
USR_0748,20000.00,0.22,0.39,584.86,441.59,1.31,0.55,203.50,0.12,0.88,10077.26,378.44,1
USR_0749,60000.00,0.04,0.13,521.58,478.01,1.11,0.0,0.00,0.04,0.85,50710.87,43756.64,0
USR_0750,60000.00,0.05,0.14,820.23,955.80,1.15,0.36,148.00,0.03,0.91,49305.53,38389.96,0
USR_0751,60000.00,0.08,0.1,594.07,1014.37,1.62,0.4,148.00,0.03,0.9,50607.02,40804.02,0
USR_0752,60000.00,0.05,0.11,711.58,280.60,1.51,0.06,18.50,0.03,0.89,49605.49,43747.23,0
USR_0753,60000.00,0.03,0.16,1118.07,808.29,0.82,0.39,166.50,0.03,0.92,47448.69,36916.79,0
USR_0754,30000.00,0.21,0.47,1252.78,1041.59,1.27,0.81,444.00,0.08,0.92,5952.44,385.96,1
USR_0755,18000.00,0.74,0.44,428.57,728.43,1.22,0.65,222.00,0.1,0.87,12742.54,3752.88,0
USR_0756,25000.00,0.11,0.57,1317.10,1154.09,1.17,0.68,314.50,0.08,0.92,7907.94,347.74,1
USR_0757,60000.00,0.06,0.16,796.20,962.24,1.68,0.45,166.50,0.03,0.9,47976.40,40138.77,0
USR_0758,45000.00,0.08,0.13,390.02,473.85,0.84,0.15,37.00,0.04,0.87,37421.26,31692.43,0
USR_0759,30000.00,0.21,0.27,636.29,487.61,1.11,0.65,277.50,0.07,0.91,17404.52,6760.62,0
USR_0760,14000.00,0.58,0.51,424.60,401.65,0.89,0.61,222.00,0.11,0.89,6107.96,115.38,1
USR_0761,18000.00,0.71,0.54,917.41,933.09,0.91,0.51,222.00,0.09,0.91,5682.86,143.29,1
USR_0762,30000.00,0.11,0.3,1076.85,977.11,1.02,0.69,388.50,0.06,0.94,14226.88,142.03,1
USR_0763,20000.00,0.15,0.58,1375.45,1421.85,1.28,0.59,222.00,0.11,0.9,1929.01,432.12,1
USR_0764,18000.00,0.56,0.5,883.88,995.75,1.14,0.71,296.00,0.07,0.93,6407.39,268.99,1
USR_0765,25000.00,0.11,0.59,695.61,697.30,0.84,0.59,259.00,0.08,0.91,10250.81,1848.05,0
USR_0766,25000.00,0.2,0.44,202.65,356.11,1.42,0.65,296.00,0.08,0.92,13476.59,694.42,0
USR_0767,30000.00,0.24,0.13,457.27,714.81,1.04,0.79,277.50,0.06,0.91,23513.85,11403.17,0
USR_0768,30000.00,0.15,0.33,1428.57,903.51,0.82,0.83,425.50,0.06,0.93,15416.57,2085.87,0
USR_0769,30000.00,0.19,0.51,1187.21,1208.90,0.98,0.7,351.50,0.06,0.94,12934.53,3362.18,0
USR_0770,25000.00,0.14,0.4,1454.18,1169.52,1.27,0.54,240.50,0.07,0.92,8981.73,987.67,0
USR_0771,30000.00,0.15,0.41,813.31,650.23,0.95,0.72,333.00,0.08,0.91,13205.30,5040.59,0
USR_0772,60000.00,0.03,0.22,692.05,649.00,1.58,0.57,296.00,0.04,0.92,41397.76,32115.47,0
USR_0773,25000.00,0.18,0.55,923.40,1322.68,0.94,0.82,370.00,0.1,0.9,7021.82,564.02,0
USR_0774,60000.00,0.03,0.12,322.50,360.38,0.99,0.34,111.00,0.03,0.89,51654.34,42597.06,0
USR_0775,14000.00,0.75,0.76,57.67,141.26,1.5,0.81,277.50,0.12,0.88,2781.50,524.92,0
USR_0776,25000.00,0.14,0.26,868.89,1070.73,1.58,0.62,222.00,0.09,0.88,14157.43,5759.85,0
USR_0777,25000.00,0.1,0.49,796.95,1126.87,1.13,0.65,296.00,0.09,0.91,11628.62,721.97,0
USR_0778,30000.00,0.16,0.42,843.63,922.96,0.94,0.68,351.50,0.06,0.94,12830.29,2095.94,0
USR_0779,14000.00,0.55,0.68,992.63,1309.43,1.64,0.6,203.50,0.13,0.87,5331.29,249.54,1
USR_0780,20000.00,0.14,0.35,425.61,726.14,1.38,0.53,185.00,0.1,0.89,12210.87,1096.72,0
USR_0781,25000.00,0.11,0.35,1188.14,942.55,0.92,0.83,388.50,0.07,0.93,11350.05,3.58,1
USR_0782,25000.00,0.24,0.53,513.51,707.88,1.44,0.77,351.50,0.07,0.93,9457.84,431.01,1
USR_0783,30000.00,0.23,0.49,935.22,733.17,1.39,0.79,425.50,0.07,0.92,12391.82,1246.02,0
USR_0784,20000.00,0.1,0.75,714.29,1030.16,0.86,0.69,259.00,0.1,0.9,2323.81,80.05,1
USR_0785,20000.00,0.25,0.72,1413.17,1184.22,1.59,0.84,314.50,0.09,0.91,1117.65,99.15,1
USR_0786,25000.00,0.14,0.52,571.43,1049.78,1.01,0.83,388.50,0.08,0.92,6452.51,7.70,1
USR_0787,14000.00,0.61,0.56,285.71,451.75,0.98,0.74,259.00,0.08,0.92,7161.17,281.82,1
USR_0788,18000.00,0.55,0.58,969.77,557.50,1.48,0.56,240.50,0.08,0.92,5767.01,50.61,1
USR_0789,20000.00,0.13,0.55,582.76,505.35,1.5,0.76,277.50,0.09,0.91,5243.47,694.24,0
USR_0790,30000.00,0.12,0.44,358.72,355.08,1.24,0.8,444.00,0.08,0.92,15695.31,506.62,0
USR_0791,20000.00,0.19,0.39,33.27,81.50,1.06,0.75,259.00,0.08,0.91,12902.46,1960.50,0
USR_0792,25000.00,0.18,0.58,822.96,1123.63,1.13,0.76,351.50,0.07,0.93,9341.17,362.95,1
USR_0793,30000.00,0.14,0.33,1449.12,1001.47,1.32,0.81,444.00,0.07,0.93,10980.91,22.23,1
USR_0794,30000.00,0.18,0.58,665.61,684.36,1.01,0.82,444.00,0.06,0.94,11927.20,728.29,0
USR_0795,20000.00,0.11,0.27,341.82,690.38,0.86,0.69,259.00,0.09,0.91,11841.58,89.49,1
USR_0796,20000.00,0.24,0.87,857.14,1124.86,1.55,0.83,314.50,0.1,0.9,224.04,224.04,1
USR_0797,25000.00,0.16,0.26,348.96,425.46,0.82,0.59,203.50,0.08,0.9,17613.25,7028.97,0
USR_0798,20000.00,0.18,0.59,1510.79,1092.43,0.94,0.8,296.00,0.08,0.92,2461.57,325.97,1
USR_0799,25000.00,0.23,0.67,1362.33,1212.79,1.04,0.8,370.00,0.09,0.91,4299.29,120.16,1
USR_0800,14000.00,0.53,0.71,714.29,1160.58,1.65,0.77,277.50,0.09,0.91,5187.08,336.55,1
USR_0801,20000.00,0.22,0.64,1593.50,1038.39,1.61,0.78,296.00,0.09,0.91,1155.92,137.42,1
USR_0802,18000.00,0.63,0.37,514.54,430.61,1.38,0.6,185.00,0.09,0.87,13925.62,8541.02,0
USR_0803,30000.00,0.15,0.45,867.17,991.93,1.51,0.77,351.50,0.07,0.92,15190.99,5247.14,0
USR_0804,10000.00,0.67,0.65,143.55,351.62,1.19,0.66,185.00,0.11,0.89,4976.21,975.22,0
USR_0805,60000.00,0.05,0.11,570.25,352.61,1.34,0.34,129.50,0.04,0.9,49819.74,40143.60,0
USR_0806,30000.00,0.19,0.38,571.43,494.87,0.82,0.77,425.50,0.07,0.93,14155.32,548.68,0
USR_0807,30000.00,0.19,0.25,542.59,471.72,1.2,0.78,407.00,0.05,0.94,17790.42,1730.82,0
USR_0808,25000.00,0.12,0.56,1628.22,980.47,0.96,0.79,370.00,0.07,0.93,2722.45,422.35,1
USR_0809,20000.00,0.17,0.65,975.22,759.22,0.85,0.55,203.50,0.12,0.88,1815.36,408.01,1
USR_0810,18000.00,0.8,0.46,471.72,354.57,1.44,0.61,240.50,0.09,0.9,10291.83,2542.87,0
USR_0811,25000.00,0.12,0.23,671.50,1023.60,1.51,0.63,240.50,0.1,0.88,16090.61,4990.13,0
USR_0812,25000.00,0.2,0.45,756.89,1138.84,1.12,0.76,351.50,0.09,0.91,14043.18,414.21,1
USR_0813,20000.00,0.23,0.46,1270.67,1281.64,1.59,0.6,222.00,0.12,0.88,2132.46,498.00,1
USR_0814,20000.00,0.1,0.87,645.39,701.79,1.6,0.76,277.50,0.08,0.92,896.09,250.42,1
USR_0815,30000.00,0.13,0.22,1242.88,1054.59,1.4,0.76,425.50,0.05,0.95,16480.01,255.06,1
USR_0816,25000.00,0.15,0.36,871.59,994.27,1.09,0.63,277.50,0.09,0.91,14223.97,1245.08,0
USR_0817,14000.00,0.77,0.43,1251.60,899.59,1.12,0.45,166.50,0.09,0.91,6936.59,709.63,0
USR_0818,30000.00,0.11,0.46,870.39,1127.01,1.07,0.84,462.50,0.06,0.94,15742.35,515.92,0
USR_0819,30000.00,0.1,0.21,672.05,436.63,1.15,0.78,333.00,0.05,0.93,21472.09,7093.75,0
USR_0820,30000.00,0.13,0.38,630.16,877.44,1.66,0.79,425.50,0.06,0.94,13961.48,1335.87,0
USR_0821,25000.00,0.19,0.51,604.97,997.56,1.51,0.76,351.50,0.07,0.93,9850.24,154.45,1
USR_0822,20000.00,0.19,0.63,1072.73,856.15,0.98,0.74,277.50,0.08,0.92,3176.33,66.36,1
USR_0823,45000.00,0.06,0.14,596.69,430.73,1.61,0.3,92.50,0.04,0.9,34942.96,28884.70,0
USR_0824,10000.00,0.79,0.59,307.41,387.06,0.92,0.32,92.50,0.1,0.9,3968.98,476.41,1
USR_0825,18000.00,0.63,0.3,234.93,315.52,1.23,0.76,351.50,0.08,0.92,16546.22,282.56,1
USR_0826,30000.00,0.12,0.28,1171.54,1332.71,1.54,0.83,425.50,0.07,0.93,17979.00,2761.91,0
USR_0827,20000.00,0.13,0.63,1191.00,1081.28,1.22,0.8,296.00,0.09,0.91,1511.04,145.78,1
USR_0828,60000.00,0.06,0.14,754.53,993.65,1.38,0.21,74.00,0.03,0.91,47701.39,41746.99,0
USR_0829,10000.00,0.51,0.38,714.29,699.85,1.05,0.75,222.00,0.11,0.89,4197.69,133.97,1
USR_0830,20000.00,0.17,0.51,1698.87,1041.48,0.83,0.81,296.00,0.12,0.88,550.58,302.25,1
USR_0831,30000.00,0.23,0.39,1354.19,1230.74,1.57,0.7,370.00,0.06,0.93,12835.21,2098.99,0
USR_0832,20000.00,0.25,0.32,1107.67,1007.24,1.04,0.5,185.00,0.12,0.88,6154.75,210.35,1
USR_0833,18000.00,0.65,0.29,1008.55,541.74,1.17,0.58,240.50,0.07,0.92,10100.72,1593.13,0
USR_0834,25000.00,0.19,0.51,1388.76,926.55,0.98,0.75,351.50,0.07,0.93,4097.77,328.35,1
USR_0835,30000.00,0.24,0.59,1164.97,1244.04,1.6,0.78,425.50,0.07,0.93,6539.60,759.88,0
USR_0836,45000.00,0.06,0.18,402.56,509.39,0.86,0.29,111.00,0.05,0.9,36935.72,24860.35,0
USR_0837,20000.00,0.17,0.35,87.31,213.86,1.56,0.48,148.00,0.1,0.88,13288.32,4309.47,0
USR_0838,30000.00,0.12,0.38,1992.27,934.32,0.98,0.85,462.50,0.05,0.95,7570.59,272.76,1
USR_0839,10000.00,0.62,0.34,342.09,408.30,1.59,0.58,166.50,0.12,0.87,9141.88,911.16,0
USR_0840,30000.00,0.13,0.43,738.35,890.36,1.38,0.82,444.00,0.08,0.92,13155.05,615.08,0
USR_0841,14000.00,0.74,0.57,498.62,677.24,1.42,0.52,185.00,0.1,0.9,7326.81,145.09,1
USR_0842,20000.00,0.17,0.76,1197.68,923.46,0.87,0.76,277.50,0.1,0.9,875.52,662.99,0
USR_0843,30000.00,0.22,0.59,1323.08,992.48,1.34,0.79,444.00,0.05,0.95,4585.20,188.14,1
USR_0844,45000.00,0.07,0.14,337.01,393.28,1.16,0.0,0.00,0.05,0.82,38399.42,33094.61,0
USR_0845,25000.00,0.13,0.31,844.68,1096.92,1.01,0.64,277.50,0.1,0.89,12659.25,1565.38,0
USR_0846,18000.00,0.53,0.47,1301.37,1157.34,1.35,0.73,333.00,0.07,0.93,9632.84,28.07,1
USR_0847,20000.00,0.24,0.87,1018.84,1033.45,0.92,0.73,277.50,0.12,0.88,1116.61,98.11,1
USR_0848,25000.00,0.24,0.45,804.45,994.86,1.24,0.84,388.50,0.06,0.94,10391.83,531.69,0
USR_0849,30000.00,0.19,0.31,1204.51,1188.01,1.39,0.78,351.50,0.07,0.91,16207.60,5998.55,0
USR_0850,30000.00,0.17,0.21,428.57,728.43,1.39,0.63,296.00,0.06,0.93,19546.26,5462.59,0
USR_0851,10000.00,0.63,0.66,428.57,1049.78,1.16,0.69,185.00,0.11,0.89,4266.77,162.70,1
USR_0852,25000.00,0.22,0.49,1359.20,947.76,1.39,0.62,296.00,0.06,0.94,9735.05,23.00,1
USR_0853,14000.00,0.79,0.75,771.78,1133.42,1.3,0.6,203.50,0.1,0.9,4557.08,252.27,1
USR_0854,30000.00,0.13,0.43,1760.37,788.93,1.05,0.77,425.50,0.07,0.92,11253.61,536.11,0
USR_0855,30000.00,0.14,0.29,550.40,717.80,1.6,0.75,388.50,0.08,0.91,17136.81,2659.56,0
USR_0856,25000.00,0.21,0.42,1000.00,1309.31,0.87,0.88,407.00,0.09,0.91,7925.81,304.68,1
USR_0857,25000.00,0.11,0.6,687.00,665.12,1.01,0.61,277.50,0.1,0.9,8793.95,667.66,0
USR_0858,18000.00,0.8,0.57,859.62,990.12,1.61,0.71,296.00,0.11,0.89,4945.08,2.54,1
USR_0859,60000.00,0.04,0.17,1011.68,872.15,1.41,0.49,222.00,0.03,0.92,46746.77,35538.64,0
USR_0860,10000.00,0.64,0.68,0.00,0.00,0.99,0.62,166.50,0.13,0.87,2824.50,162.61,1
USR_0861,20000.00,0.1,0.8,1018.85,1310.12,1.46,0.78,296.00,0.1,0.9,1724.39,211.79,1
USR_0862,25000.00,0.16,0.28,1119.27,586.71,1.36,0.61,277.50,0.1,0.9,11865.65,668.27,0
USR_0863,18000.00,0.61,0.44,947.68,913.33,1.07,0.81,370.00,0.07,0.93,6693.09,326.24,1
USR_0864,20000.00,0.11,0.36,314.01,347.05,1.66,0.6,222.00,0.09,0.91,12452.58,307.76,1
USR_0865,30000.00,0.11,0.47,215.50,365.18,1.59,0.85,462.50,0.08,0.92,12477.17,529.48,0
USR_0866,20000.00,0.25,0.41,945.58,920.64,1.12,0.36,129.50,0.08,0.91,9471.14,787.67,0
USR_0867,14000.00,0.75,0.42,875.05,994.34,0.99,0.57,222.00,0.11,0.89,7380.99,5.06,1
USR_0868,45000.00,0.07,0.16,896.89,889.75,1.27,0.32,92.50,0.04,0.88,35952.55,29788.81,0
USR_0869,25000.00,0.1,0.39,997.42,729.03,1.61,0.7,314.50,0.07,0.93,9908.07,867.45,0
USR_0870,20000.00,0.13,0.56,1126.79,1253.90,1.0,0.7,259.00,0.11,0.89,1594.79,455.81,1
USR_0871,30000.00,0.14,0.35,1032.04,758.45,1.45,0.66,370.00,0.06,0.94,15663.96,114.05,1
USR_0872,25000.00,0.16,0.41,495.22,503.31,1.37,0.68,314.50,0.09,0.91,11502.79,300.04,1
USR_0873,60000.00,0.07,0.18,382.43,320.16,1.02,0.37,148.00,0.03,0.93,47929.44,38932.74,0
USR_0874,20000.00,0.22,0.47,959.55,891.91,1.24,0.55,185.00,0.12,0.87,6603.13,2487.72,0
USR_0875,20000.00,0.16,0.7,1220.19,1184.70,1.22,0.74,277.50,0.12,0.88,470.82,78.89,1
USR_0876,20000.00,0.12,0.44,459.38,473.48,1.44,0.65,240.50,0.08,0.92,9833.84,638.62,0
USR_0877,25000.00,0.2,0.48,757.81,662.56,1.06,0.82,370.00,0.07,0.93,11098.80,800.83,0
USR_0878,60000.00,0.02,0.08,663.31,699.47,1.5,0.12,37.00,0.04,0.86,51993.45,43651.77,0
USR_0879,30000.00,0.22,0.36,1111.18,1251.43,0.96,0.88,481.00,0.06,0.94,9610.86,444.36,1
USR_0880,25000.00,0.12,0.33,992.43,1069.21,1.7,0.73,333.00,0.07,0.93,12231.50,231.28,1
USR_0881,25000.00,0.16,0.49,393.88,468.77,1.6,0.71,333.00,0.06,0.94,11389.47,161.66,1
USR_0882,20000.00,0.19,0.53,274.40,341.51,1.4,0.65,240.50,0.11,0.89,6198.62,194.67,1
USR_0883,20000.00,0.14,0.8,1291.69,1276.50,1.17,0.8,296.00,0.09,0.91,390.79,390.79,1
USR_0884,25000.00,0.12,0.75,743.70,859.47,1.44,0.85,388.50,0.09,0.91,3694.80,769.40,0
USR_0885,30000.00,0.14,0.32,1215.63,1063.37,0.85,0.78,407.00,0.08,0.92,15723.89,2461.87,0
USR_0886,25000.00,0.15,0.57,798.44,1115.84,1.27,0.73,333.00,0.07,0.93,8771.32,359.90,1
USR_0887,60000.00,0.04,0.11,369.74,376.97,1.14,0.27,74.00,0.04,0.83,51919.19,45481.16,0
USR_0888,20000.00,0.13,0.42,858.65,833.26,1.51,0.72,259.00,0.08,0.92,9613.43,426.81,1
USR_0889,60000.00,0.07,0.1,442.74,740.27,0.83,0.4,148.00,0.04,0.89,51597.68,40195.56,0
USR_0890,30000.00,0.21,0.2,142.86,349.93,0.81,0.79,296.00,0.06,0.91,24431.56,10398.38,0
USR_0891,25000.00,0.13,0.45,1229.55,903.90,1.12,0.56,259.00,0.09,0.91,10877.09,537.10,0
USR_0892,45000.00,0.06,0.14,1029.59,1271.16,0.85,0.41,166.50,0.04,0.91,32555.73,23509.41,0
USR_0893,20000.00,0.22,0.65,774.44,998.50,1.11,0.76,277.50,0.1,0.9,6096.34,92.19,1
USR_0894,60000.00,0.05,0.13,456.28,324.52,1.68,0.39,129.50,0.03,0.89,49075.32,42112.15,0
USR_0895,20000.00,0.13,0.83,981.86,1049.59,1.0,0.83,314.50,0.08,0.92,55.45,55.45,1
USR_0896,25000.00,0.13,0.56,872.97,1098.02,1.24,0.74,333.00,0.07,0.93,6298.28,934.55,0
USR_0897,45000.00,0.03,0.18,961.37,547.59,1.43,0.2,74.00,0.05,0.9,32494.23,25383.04,0
USR_0898,60000.00,0.08,0.19,295.61,227.69,1.29,0.49,222.00,0.04,0.91,44314.74,35779.88,0
USR_0899,14000.00,0.62,0.38,372.84,696.82,1.03,0.38,111.00,0.08,0.9,12095.51,4264.03,0
USR_0900,10000.00,0.57,0.59,428.57,728.43,1.41,0.82,240.50,0.1,0.9,6821.00,517.00,0
USR_0901,14000.00,0.54,0.5,854.13,965.11,1.19,0.7,259.00,0.1,0.9,5078.27,36.70,1
USR_0902,18000.00,0.79,0.52,584.05,683.21,0.83,0.78,333.00,0.1,0.9,7611.69,750.04,0
USR_0903,30000.00,0.25,0.62,1997.64,1071.26,0.92,0.8,444.00,0.08,0.92,1601.08,47.66,1
USR_0904,30000.00,0.21,0.38,1462.07,995.46,1.03,0.8,444.00,0.06,0.94,13178.22,8.68,1
USR_0905,25000.00,0.12,0.44,1121.04,1249.04,1.61,0.73,333.00,0.09,0.91,5146.92,657.80,0
USR_0906,30000.00,0.11,0.48,714.29,1160.58,1.67,0.87,481.00,0.06,0.94,8456.05,38.47,1
USR_0907,30000.00,0.21,0.4,899.02,945.19,1.58,0.7,388.50,0.06,0.94,13133.49,319.75,1
USR_0908,20000.00,0.16,0.67,865.56,964.14,1.63,0.55,203.50,0.12,0.88,4230.25,1.31,1
USR_0909,25000.00,0.24,0.62,1243.30,902.54,1.5,0.72,333.00,0.07,0.93,2882.63,61.16,1
USR_0910,25000.00,0.2,0.39,857.14,1355.26,1.43,0.87,388.50,0.06,0.94,9356.32,819.17,0
USR_0911,14000.00,0.71,0.42,765.54,980.08,0.83,0.62,222.00,0.11,0.89,6680.25,152.00,1
USR_0912,10000.00,0.64,0.59,142.86,349.93,0.9,0.74,222.00,0.1,0.9,7204.10,614.17,0
USR_0913,25000.00,0.13,0.72,1652.79,941.41,1.42,0.67,314.50,0.06,0.94,2975.73,56.89,1
USR_0914,25000.00,0.2,0.5,902.23,559.46,0.86,0.73,333.00,0.09,0.91,7242.94,177.33,1
USR_0915,14000.00,0.74,0.39,383.04,384.72,1.23,0.41,148.00,0.07,0.92,9225.13,1355.26,0
USR_0916,20000.00,0.15,0.45,611.00,1032.58,1.27,0.7,259.00,0.12,0.88,5471.62,358.68,1
USR_0917,20000.00,0.17,0.65,941.29,769.49,1.5,0.85,314.50,0.1,0.9,4617.32,216.28,1
USR_0918,30000.00,0.16,0.31,899.24,1070.42,1.08,0.69,388.50,0.07,0.93,12209.25,185.85,1
USR_0919,30000.00,0.21,0.38,666.54,991.51,1.65,0.67,351.50,0.07,0.93,15057.64,1895.94,0
USR_0920,25000.00,0.24,0.3,1000.00,925.82,1.17,0.81,370.00,0.07,0.93,12308.57,86.57,1
USR_0921,25000.00,0.22,0.69,1226.07,1056.72,1.13,0.8,370.00,0.09,0.91,4844.19,587.03,0
USR_0922,14000.00,0.58,0.37,600.44,1002.75,1.33,0.72,259.00,0.09,0.91,9762.07,345.68,1
USR_0923,18000.00,0.59,0.41,819.85,1000.02,1.54,0.57,259.00,0.08,0.92,12389.19,395.45,1
USR_0924,20000.00,0.1,0.65,1142.86,1245.40,1.41,0.79,296.00,0.1,0.9,1476.72,59.80,1
USR_0925,25000.00,0.12,0.49,1225.87,1061.14,1.51,0.74,333.00,0.08,0.92,3592.22,536.72,0
USR_0926,30000.00,0.24,0.62,645.48,390.18,1.22,0.67,370.00,0.06,0.94,7450.48,157.50,1
USR_0927,30000.00,0.2,0.53,1368.58,1199.00,0.83,0.8,425.50,0.06,0.94,10602.64,1165.50,0
USR_0928,18000.00,0.57,0.32,1055.27,871.39,1.32,0.47,203.50,0.1,0.89,9167.43,1021.91,0
USR_0929,10000.00,0.54,0.69,65.46,160.36,1.07,0.62,185.00,0.16,0.85,5481.21,74.12,1
USR_0930,25000.00,0.11,0.37,671.18,1023.59,1.13,0.81,370.00,0.06,0.94,10420.18,686.58,0
USR_0931,20000.00,0.17,0.65,1015.08,871.26,1.19,0.73,277.50,0.12,0.89,1167.05,148.55,1
USR_0932,30000.00,0.22,0.2,680.22,701.34,0.98,0.61,240.50,0.05,0.92,21174.21,9400.28,0
USR_0933,60000.00,0.07,0.14,463.84,413.46,1.17,0.59,296.00,0.04,0.91,49780.59,32851.26,0
USR_0934,30000.00,0.24,0.33,1076.39,869.34,1.2,0.77,425.50,0.05,0.95,16562.23,419.91,1
USR_0935,10000.00,0.69,0.45,520.09,1036.27,1.21,0.62,185.00,0.14,0.86,5548.16,711.91,0
USR_0936,20000.00,0.13,0.58,666.65,997.68,0.96,0.75,277.50,0.09,0.91,3976.70,666.04,0
USR_0937,25000.00,0.21,0.52,1108.25,1252.24,1.43,0.85,388.50,0.09,0.91,7831.96,702.46,0
USR_0938,30000.00,0.12,0.55,1701.03,1039.82,1.16,0.83,462.50,0.06,0.94,3494.98,46.49,1
USR_0939,20000.00,0.13,0.61,1115.40,978.91,0.81,0.64,240.50,0.11,0.89,4124.33,11.69,1
USR_0940,25000.00,0.18,0.4,1616.82,970.40,0.9,0.81,370.00,0.06,0.94,8603.78,605.29,0
USR_0941,30000.00,0.25,0.39,1376.80,937.32,0.98,0.8,425.50,0.05,0.94,11430.51,1007.56,0
USR_0942,20000.00,0.22,0.33,756.15,1139.14,0.93,0.8,296.00,0.08,0.91,8951.29,770.98,0
USR_0943,20000.00,0.13,0.49,1222.43,1200.19,0.84,0.79,296.00,0.09,0.91,472.56,74.73,1
USR_0944,30000.00,0.25,0.25,1000.00,1309.31,1.07,0.8,407.00,0.06,0.94,16960.14,2772.14,0
USR_0945,20000.00,0.23,0.21,696.75,987.24,1.43,0.66,240.50,0.08,0.91,10703.71,501.27,0
USR_0946,20000.00,0.23,0.3,761.85,946.45,1.33,0.46,166.50,0.12,0.88,8510.81,760.53,0
USR_0947,10000.00,0.65,0.43,143.34,351.10,1.55,0.72,222.00,0.1,0.9,8848.93,293.75,1
USR_0948,20000.00,0.14,0.68,947.91,934.57,1.43,0.8,296.00,0.09,0.91,528.40,53.38,1
USR_0949,30000.00,0.1,0.42,986.84,1042.08,1.47,0.73,388.50,0.08,0.92,14711.07,1164.83,0
USR_0950,20000.00,0.14,0.65,1000.00,1069.04,1.55,0.9,333.00,0.1,0.9,1164.96,146.46,1
USR_0951,60000.00,0.06,0.15,444.07,416.05,1.53,0.35,129.50,0.03,0.92,49843.80,40454.65,0
USR_0952,30000.00,0.2,0.49,1840.64,1138.77,1.12,0.84,462.50,0.05,0.95,5884.83,570.67,0
USR_0953,60000.00,0.06,0.1,436.20,484.35,0.96,0.16,55.50,0.03,0.92,52135.03,41468.53,0
USR_0954,25000.00,0.12,0.58,933.71,759.84,1.51,0.72,333.00,0.09,0.91,9486.38,127.90,1
USR_0955,45000.00,0.06,0.13,295.63,285.72,1.23,0.13,37.00,0.04,0.88,38475.35,29753.46,0
USR_0956,25000.00,0.2,0.25,579.41,676.91,1.04,0.54,185.00,0.07,0.91,16083.23,6973.26,0
USR_0957,30000.00,0.11,0.32,782.37,968.97,1.16,0.68,351.50,0.08,0.91,14429.44,2402.98,0
USR_0958,60000.00,0.03,0.1,0.00,0.00,1.47,0.29,92.50,0.03,0.89,53560.01,43422.97,0
USR_0959,20000.00,0.22,0.39,770.78,844.96,0.82,0.6,222.00,0.12,0.88,8080.68,346.38,1
USR_0960,25000.00,0.13,0.34,698.63,702.24,0.83,0.65,259.00,0.08,0.91,13980.56,3905.95,0
USR_0961,30000.00,0.2,0.48,1785.42,1187.72,1.11,0.81,444.00,0.07,0.93,9512.85,607.36,0
USR_0962,10000.00,0.58,0.51,307.76,488.35,1.57,0.47,129.50,0.12,0.87,5393.74,331.62,1
USR_0963,20000.00,0.14,0.31,639.96,875.32,1.51,0.72,259.00,0.09,0.91,7732.01,965.89,0
USR_0964,25000.00,0.11,0.44,868.77,801.80,1.07,0.74,333.00,0.09,0.91,10985.51,638.99,0
USR_0965,20000.00,0.16,0.68,703.48,1031.83,1.29,0.6,222.00,0.12,0.88,3880.48,232.40,1
USR_0966,60000.00,0.07,0.13,686.14,668.48,1.31,0.28,111.00,0.04,0.89,48503.19,39132.23,0
USR_0967,25000.00,0.19,0.56,1857.14,1245.40,0.94,0.88,407.00,0.1,0.91,1309.82,291.32,1
USR_0968,30000.00,0.14,0.43,675.50,733.36,0.8,0.73,370.00,0.06,0.94,16493.64,3273.15,0
USR_0969,30000.00,0.15,0.33,1478.06,1109.42,1.08,0.74,407.00,0.08,0.92,10461.77,371.66,1
USR_0970,25000.00,0.1,0.58,1346.61,614.83,1.42,0.71,333.00,0.09,0.91,4730.55,372.78,1
USR_0971,25000.00,0.16,0.24,817.26,831.88,1.44,0.84,388.50,0.06,0.94,14374.53,85.41,1
USR_0972,20000.00,0.19,0.36,1497.63,1331.87,1.05,0.78,296.00,0.09,0.92,6471.69,34.40,1
USR_0973,30000.00,0.13,0.39,1015.44,1309.85,0.88,0.78,425.50,0.07,0.93,12428.51,525.75,0
USR_0974,20000.00,0.2,0.4,1052.82,928.47,1.37,0.56,203.50,0.1,0.9,6943.14,741.10,0
USR_0975,30000.00,0.22,0.44,1064.06,1151.12,1.0,0.72,370.00,0.07,0.92,14496.93,2192.11,0
USR_0976,30000.00,0.25,0.27,2000.00,1069.04,1.66,0.83,444.00,0.05,0.95,9066.21,912.28,0
USR_0977,30000.00,0.11,0.26,978.03,931.30,0.82,0.47,203.50,0.06,0.93,18411.10,7329.07,0
USR_0978,20000.00,0.15,0.35,477.70,466.12,1.13,0.79,296.00,0.1,0.9,11526.31,358.04,1
USR_0979,30000.00,0.24,0.44,299.25,374.71,1.4,0.72,370.00,0.07,0.92,15454.73,2036.34,0
USR_0980,25000.00,0.11,0.65,1276.10,1033.09,1.69,0.78,351.50,0.1,0.9,2945.69,705.04,0
USR_0981,10000.00,0.7,0.6,0.00,0.00,1.67,0.61,185.00,0.14,0.86,7021.29,508.96,0
USR_0982,60000.00,0.08,0.13,440.70,406.66,0.92,0.39,148.00,0.03,0.92,50299.39,39479.46,0
USR_0983,14000.00,0.73,0.4,402.09,710.32,1.09,0.69,259.00,0.09,0.9,7509.41,207.76,1
USR_0984,20000.00,0.14,0.51,984.56,756.42,1.63,0.61,222.00,0.08,0.92,4717.49,478.36,1
USR_0985,14000.00,0.7,0.79,428.57,1049.78,1.3,0.76,259.00,0.09,0.91,4639.19,565.19,0
USR_0986,14000.00,0.65,0.39,763.55,995.41,1.43,0.59,203.50,0.11,0.89,5951.28,237.61,1
USR_0987,25000.00,0.21,0.61,1436.23,1368.83,1.58,0.86,388.50,0.09,0.9,8218.46,1088.96,0
USR_0988,20000.00,0.13,0.7,1102.61,845.63,1.19,0.8,296.00,0.08,0.92,710.02,421.14,1
USR_0989,60000.00,0.06,0.09,418.91,488.72,1.04,0.18,55.50,0.04,0.85,52247.32,44043.67,0
USR_0990,20000.00,0.23,0.59,889.13,1087.63,1.44,0.69,259.00,0.1,0.9,4738.17,292.17,1
USR_0991,30000.00,0.15,0.37,751.44,998.53,0.85,0.7,388.50,0.07,0.93,16217.73,564.65,0
USR_0992,18000.00,0.5,0.66,1000.00,1309.31,1.04,0.75,314.50,0.09,0.91,5020.50,353.59,1
USR_0993,25000.00,0.12,0.72,1698.21,1041.61,1.43,0.8,370.00,0.1,0.9,1073.56,55.06,1
USR_0994,30000.00,0.23,0.31,1126.78,802.44,0.96,0.86,462.50,0.05,0.95,14938.26,1483.82,0
USR_0995,10000.00,0.77,0.54,420.78,395.40,0.89,0.36,111.00,0.15,0.86,6724.25,104.08,1
USR_0996,45000.00,0.03,0.17,598.19,445.74,1.43,0.0,0.00,0.05,0.87,35427.01,29609.77,0
USR_0997,30000.00,0.11,0.25,839.28,970.14,1.27,0.73,407.00,0.05,0.95,18188.84,77.03,1
USR_0998,30000.00,0.16,0.5,1574.22,1050.28,1.16,0.81,444.00,0.05,0.95,4967.75,163.95,1
USR_0999,18000.00,0.58,0.79,718.65,999.75,1.27,0.71,296.00,0.1,0.9,4465.18,619.94,0
USR_1000,14000.00,0.64,0.59,770.86,833.50,1.58,0.66,240.50,0.12,0.88,6122.22,347.77,1
