transaction_id,user_id,timestamp,direction,transaction_type,amount,fee_amount,category,channel,balance_before,balance_after
TXN_10001,USR_0001,2026-10-01 09:00:00,INFLOW,CASH_IN,30000.00,0.00,SALARY,ONLINE_PGW,641.53,30641.53
TXN_10002,USR_0001,2026-10-01 20:00:00,OUTFLOW,MERCHANT_PAY,524.62,0.00,GROCERY,APP_QR,30641.53,30116.92
TXN_10003,USR_0001,2026-10-04 11:30:00,OUTFLOW,BILL_PAY,2214.68,0.00,UTILITY,APP_QR,30116.92,27902.24
TXN_10004,USR_0001,2026-10-05 18:20:00,OUTFLOW,CASH_OUT,2000.00,37.00,DISCRETIONARY,AGENT_POINT,27902.24,25865.24
TXN_10005,USR_0001,2026-10-06 18:20:00,OUTFLOW,CASH_OUT,3000.00,55.50,DISCRETIONARY,AGENT_POINT,25865.24,22809.74
TXN_10006,USR_0001,2026-10-09 20:00:00,OUTFLOW,MERCHANT_PAY,642.72,0.00,TRANSPORT,APP_QR,22809.74,22167.02
TXN_10007,USR_0001,2026-10-10 18:20:00,OUTFLOW,CASH_OUT,1000.00,18.50,DISCRETIONARY,AGENT_POINT,22167.02,21148.52
TXN_10008,USR_0001,2026-10-12 18:20:00,OUTFLOW,CASH_OUT,3000.00,55.50,DISCRETIONARY,AGENT_POINT,21148.52,18093.02
TXN_10009,USR_0001,2026-10-15 18:20:00,OUTFLOW,CASH_OUT,3000.00,55.50,DISCRETIONARY,AGENT_POINT,18093.02,15037.52
TXN_10010,USR_0001,2026-10-16 20:00:00,OUTFLOW,MERCHANT_PAY,1150.59,0.00,TRANSPORT,APP_QR,15037.52,13886.93
TXN_10011,USR_0001,2026-10-17 18:20:00,OUTFLOW,CASH_OUT,3000.00,55.50,DISCRETIONARY,AGENT_POINT,13886.93,10831.43
TXN_10012,USR_0001,2026-10-20 18:20:00,OUTFLOW,CASH_OUT,3000.00,55.50,DISCRETIONARY,AGENT_POINT,10831.43,7775.93
TXN_10013,USR_0001,2026-10-21 20:00:00,OUTFLOW,MERCHANT_PAY,545.97,0.00,DINING_OUT,APP_QR,7775.93,7229.96
TXN_10014,USR_0001,2026-10-22 18:20:00,OUTFLOW,CASH_OUT,2000.00,37.00,DISCRETIONARY,AGENT_POINT,7229.96,5192.96
TXN_10015,USR_0001,2026-10-23 18:20:00,OUTFLOW,CASH_OUT,3000.00,55.50,DISCRETIONARY,AGENT_POINT,5192.96,2137.46
TXN_10016,USR_0001,2026-10-26 20:00:00,OUTFLOW,MERCHANT_PAY,383.01,0.00,DINING_OUT,APP_QR,2137.46,1754.45
TXN_10017,USR_0001,2026-10-30 20:00:00,OUTFLOW,MERCHANT_PAY,498.06,0.00,GROCERY,APP_QR,1754.45,1256.39
TXN_10018,USR_0002,2026-10-01 09:00:00,INFLOW,CASH_IN,30000.00,0.00,SALARY,ONLINE_PGW,875.82,30875.82
TXN_10019,USR_0002,2026-10-03 20:00:00,OUTFLOW,MERCHANT_PAY,700.08,0.00,TRANSPORT,APP_QR,30875.82,30175.74
TXN_10020,USR_0002,2026-10-04 11:30:00,OUTFLOW,BILL_PAY,1701.59,0.00,UTILITY,APP_QR,30175.74,28474.15
TXN_10021,USR_0002,2026-10-04 20:00:00,OUTFLOW,MERCHANT_PAY,1033.53,0.00,TRANSPORT,APP_QR,28474.15,27440.62
TXN_10022,USR_0002,2026-10-05 20:00:00,OUTFLOW,MERCHANT_PAY,417.33,0.00,GROCERY,APP_QR,27440.62,27023.28
TXN_10023,USR_0002,2026-10-08 20:00:00,OUTFLOW,MERCHANT_PAY,284.06,0.00,GROCERY,APP_QR,27023.28,26739.22
TXN_10024,USR_0002,2026-10-09 18:20:00,OUTFLOW,CASH_OUT,1000.00,18.50,DISCRETIONARY,AGENT_POINT,26739.22,25720.72
TXN_10025,USR_0002,2026-10-10 18:20:00,OUTFLOW,CASH_OUT,2000.00,37.00,DISCRETIONARY,AGENT_POINT,25720.72,23683.72
TXN_10026,USR_0002,2026-10-11 18:20:00,OUTFLOW,CASH_OUT,2000.00,37.00,DISCRETIONARY,AGENT_POINT,23683.72,21646.72
TXN_10027,USR_0002,2026-10-12 20:00:00,OUTFLOW,MERCHANT_PAY,451.99,0.00,DINING_OUT,APP_QR,21646.72,21194.73
TXN_10028,USR_0002,2026-10-14 20:00:00,OUTFLOW,MERCHANT_PAY,840.20,0.00,GROCERY,APP_QR,21194.73,20354.53
TXN_10029,USR_0002,2026-10-16 18:20:00,OUTFLOW,CASH_OUT,2000.00,37.00,DISCRETIONARY,AGENT_POINT,20354.53,18317.53
TXN_10030,USR_0002,2026-10-17 18:20:00,OUTFLOW,CASH_OUT,3000.00,55.50,DISCRETIONARY,AGENT_POINT,18317.53,15262.03
TXN_10031,USR_0002,2026-10-18 20:00:00,OUTFLOW,MERCHANT_PAY,969.09,0.00,DINING_OUT,APP_QR,15262.03,14292.93
TXN_10032,USR_0002,2026-10-19 20:00:00,OUTFLOW,MERCHANT_PAY,239.02,0.00,TRANSPORT,APP_QR,14292.93,14053.92
TXN_10033,USR_0002,2026-10-20 20:00:00,OUTFLOW,MERCHANT_PAY,964.56,0.00,DINING_OUT,APP_QR,14053.92,13089.36
TXN_10034,USR_0002,2026-10-23 20:00:00,OUTFLOW,MERCHANT_PAY,365.09,0.00,GROCERY,APP_QR,13089.36,12724.27
TXN_10035,USR_0002,2026-10-25 18:20:00,OUTFLOW,CASH_OUT,1000.00,18.50,DISCRETIONARY,AGENT_POINT,12724.27,11705.77
TXN_10036,USR_0002,2026-10-29 18:20:00,OUTFLOW,CASH_OUT,3000.00,55.50,DISCRETIONARY,AGENT_POINT,11705.77,8650.27
TXN_10037,USR_0003,2026-10-01 09:00:00,INFLOW,CASH_IN,30000.00,0.00,SALARY,ONLINE_PGW,915.80,30915.80
TXN_10038,USR_0003,2026-10-03 20:00:00,OUTFLOW,MERCHANT_PAY,596.71,0.00,TRANSPORT,APP_QR,30915.80,30319.09
TXN_10039,USR_0003,2026-10-04 11:30:00,OUTFLOW,BILL_PAY,2299.43,0.00,UTILITY,APP_QR,30319.09,28019.66
TXN_10040,USR_0003,2026-10-07 20:00:00,OUTFLOW,MERCHANT_PAY,495.42,0.00,GROCERY,APP_QR,28019.66,27524.23
TXN_10041,USR_0003,2026-10-09 18:20:00,OUTFLOW,CASH_OUT,1000.00,18.50,DISCRETIONARY,AGENT_POINT,27524.23,26505.73
TXN_10042,USR_0003,2026-10-10 20:00:00,OUTFLOW,MERCHANT_PAY,605.04,0.00,GROCERY,APP_QR,26505.73,25900.70
TXN_10043,USR_0003,2026-10-11 20:00:00,OUTFLOW,MERCHANT_PAY,425.01,0.00,TRANSPORT,APP_QR,25900.70,25475.69
TXN_10044,USR_0003,2026-10-12 18:20:00,OUTFLOW,CASH_OUT,1000.00,18.50,DISCRETIONARY,AGENT_POINT,25475.69,24457.19
TXN_10045,USR_0003,2026-10-13 18:20:00,OUTFLOW,CASH_OUT,3000.00,55.50,DISCRETIONARY,AGENT_POINT,24457.19,21401.69
TXN_10046,USR_0003,2026-10-15 18:20:00,OUTFLOW,CASH_OUT,3000.00,55.50,DISCRETIONARY,AGENT_POINT,21401.69,18346.19
TXN_10047,USR_0003,2026-10-18 18:20:00,OUTFLOW,CASH_OUT,3000.00,55.50,DISCRETIONARY,AGENT_POINT,18346.19,15290.69
TXN_10048,USR_0003,2026-10-19 18:20:00,OUTFLOW,CASH_OUT,3000.00,55.50,DISCRETIONARY,AGENT_POINT,15290.69,12235.19
TXN_10049,USR_0003,2026-10-21 18:20:00,OUTFLOW,CASH_OUT,3000.00,55.50,DISCRETIONARY,AGENT_POINT,12235.19,9179.69
TXN_10050,USR_0003,2026-10-23 18:20:00,OUTFLOW,CASH_OUT,2000.00,37.00,DISCRETIONARY,AGENT_POINT,9179.69,7142.69
TXN_10051,USR_0003,2026-10-24 18:20:00,OUTFLOW,CASH_OUT,3000.00,55.50,DISCRETIONARY,AGENT_POINT,7142.69,4087.19
TXN_10052,USR_0003,2026-10-25 18:20:00,OUTFLOW,CASH_OUT,1000.00,18.50,DISCRETIONARY,AGENT_POINT,4087.19,3068.69
TXN_10053,USR_0003,2026-10-26 18:20:00,OUTFLOW,CASH_OUT,1000.00,18.50,DISCRETIONARY,AGENT_POINT,3068.69,2050.19
TXN_10054,USR_0003,2026-10-29 18:20:00,OUTFLOW,CASH_OUT,1000.00,18.50,DISCRETIONARY,AGENT_POINT,2050.19,1031.69
TXN_10055,USR_0004,2026-10-01 09:00:00,INFLOW,CASH_IN,25000.00,0.00,SALARY,ONLINE_PGW,714.99,25714.99
TXN_10056,USR_0004,2026-10-03 20:00:00,OUTFLOW,MERCHANT_PAY,426.32,0.00,TRANSPORT,APP_QR,25714.99,25288.67
TXN_10057,USR_0004,2026-10-04 11:30:00,OUTFLOW,BILL_PAY,1906.14,0.00,UTILITY,APP_QR,25288.67,23382.53
TXN_10058,USR_0004,2026-10-06 18:20:00,OUTFLOW,CASH_OUT,1000.00,18.50,DISCRETIONARY,AGENT_POINT,23382.53,22364.03
TXN_10059,USR_0004,2026-10-09 18:20:00,OUTFLOW,CASH_OUT,2000.00,37.00,DISCRETIONARY,AGENT_POINT,22364.03,20327.03
TXN_10060,USR_0004,2026-10-10 18:20:00,OUTFLOW,CASH_OUT,3000.00,55.50,DISCRETIONARY,AGENT_POINT,20327.03,17271.53
TXN_10061,USR_0004,2026-10-12 20:00:00,OUTFLOW,MERCHANT_PAY,231.23,0.00,DINING_OUT,APP_QR,17271.53,17040.30
TXN_10062,USR_0004,2026-10-13 20:00:00,OUTFLOW,MERCHANT_PAY,779.02,0.00,TRANSPORT,APP_QR,17040.30,16261.28
TXN_10063,USR_0004,2026-10-14 20:00:00,OUTFLOW,MERCHANT_PAY,241.42,0.00,TRANSPORT,APP_QR,16261.28,16019.86
TXN_10064,USR_0004,2026-10-16 18:20:00,OUTFLOW,CASH_OUT,1000.00,18.50,DISCRETIONARY,AGENT_POINT,16019.86,15001.36
TXN_10065,USR_0004,2026-10-17 20:00:00,OUTFLOW,MERCHANT_PAY,1100.11,0.00,TRANSPORT,APP_QR,15001.36,13901.25
TXN_10066,USR_0004,2026-10-18 18:20:00,OUTFLOW,CASH_OUT,1000.00,18.50,DISCRETIONARY,AGENT_POINT,13901.25,12882.75
TXN_10067,USR_0004,2026-10-22 18:20:00,OUTFLOW,CASH_OUT,2000.00,37.00,DISCRETIONARY,AGENT_POINT,12882.75,10845.75
TXN_10068,USR_0004,2026-10-23 20:00:00,OUTFLOW,MERCHANT_PAY,637.38,0.00,GROCERY,APP_QR,10845.75,10208.37
TXN_10069,USR_0004,2026-10-24 20:00:00,OUTFLOW,MERCHANT_PAY,439.62,0.00,DINING_OUT,APP_QR,10208.37,9768.75
TXN_10070,USR_0004,2026-10-25 20:00:00,OUTFLOW,MERCHANT_PAY,579.17,0.00,GROCERY,APP_QR,9768.75,9189.58
TXN_10071,USR_0004,2026-10-27 18:20:00,OUTFLOW,CASH_OUT,3000.00,55.50,DISCRETIONARY,AGENT_POINT,9189.58,6134.08
TXN_10072,USR_0004,2026-10-28 18:20:00,OUTFLOW,CASH_OUT,1000.00,18.50,DISCRETIONARY,AGENT_POINT,6134.08,5115.58
TXN_10073,USR_0004,2026-10-29 18:20:00,OUTFLOW,CASH_OUT,2000.00,37.00,DISCRETIONARY,AGENT_POINT,5115.58,3078.58
TXN_10074,USR_0004,2026-10-30 18:20:00,OUTFLOW,CASH_OUT,2000.00,37.00,DISCRETIONARY,AGENT_POINT,3078.58,1041.58
TXN_10075,USR_0005,2026-10-01 09:00:00,INFLOW,CASH_IN,20000.00,0.00,SALARY,ONLINE_PGW,571.41,20571.41
TXN_10076,USR_0005,2026-10-01 20:00:00,OUTFLOW,MERCHANT_PAY,468.85,0.00,DINING_OUT,APP_QR,20571.41,20102.56
TXN_10077,USR_0005,2026-10-02 20:00:00,OUTFLOW,MERCHANT_PAY,984.91,0.00,TRANSPORT,APP_QR,20102.56,19117.65
TXN_10078,USR_0005,2026-10-03 20:00:00,OUTFLOW,MERCHANT_PAY,242.08,0.00,GROCERY,APP_QR,19117.65,18875.57
TXN_10079,USR_0005,2026-10-04 11:30:00,OUTFLOW,BILL_PAY,2419.75,0.00,UTILITY,APP_QR,18875.57,16455.82
TXN_10080,USR_0005,2026-10-04 18:20:00,OUTFLOW,CASH_OUT,3000.00,55.50,DISCRETIONARY,AGENT_POINT,16455.82,13400.32
TXN_10081,USR_0005,2026-10-05 18:20:00,OUTFLOW,CASH_OUT,3000.00,55.50,DISCRETIONARY,AGENT_POINT,13400.32,10344.82
TXN_10082,USR_0005,2026-10-06 20:00:00,OUTFLOW,MERCHANT_PAY,830.20,0.00,GROCERY,APP_QR,10344.82,9514.62
TXN_10083,USR_0005,2026-10-07 18:20:00,OUTFLOW,CASH_OUT,2000.00,37.00,DISCRETIONARY,AGENT_POINT,9514.62,7477.62
TXN_10084,USR_0005,2026-10-10 20:00:00,OUTFLOW,MERCHANT_PAY,241.80,0.00,GROCERY,APP_QR,7477.62,7235.82
TXN_10085,USR_0005,2026-10-11 20:00:00,OUTFLOW,MERCHANT_PAY,239.03,0.00,TRANSPORT,APP_QR,7235.82,6996.79
TXN_10086,USR_0005,2026-10-12 20:00:00,OUTFLOW,MERCHANT_PAY,973.45,0.00,DINING_OUT,APP_QR,6996.79,6023.34
TXN_10087,USR_0005,2026-10-13 20:00:00,OUTFLOW,MERCHANT_PAY,1170.74,0.00,DINING_OUT,APP_QR,6023.34,4852.60
TXN_10088,USR_0005,2026-10-15 20:00:00,OUTFLOW,MERCHANT_PAY,714.69,0.00,GROCERY,APP_QR,4852.60,4137.91
TXN_10089,USR_0005,2026-10-16 18:20:00,OUTFLOW,CASH_OUT,3000.00,55.50,DISCRETIONARY,AGENT_POINT,4137.91,1082.41
TXN_10090,USR_0005,2026-10-17 20:00:00,OUTFLOW,MERCHANT_PAY,936.75,0.00,DINING_OUT,APP_QR,1082.41,145.66
TXN_10091,USR_0006,2026-10-01 09:00:00,INFLOW,CASH_IN,60000.00,0.00,SALARY,ONLINE_PGW,756.28,60756.28
TXN_10092,USR_0006,2026-10-02 20:00:00,OUTFLOW,MERCHANT_PAY,1179.17,0.00,DINING_OUT,APP_QR,60756.28,59577.11
TXN_10093,USR_0006,2026-10-03 18:20:00,OUTFLOW,CASH_OUT,3000.00,55.50,DISCRETIONARY,AGENT_POINT,59577.11,56521.61
TXN_10094,USR_0006,2026-10-04 11:30:00,OUTFLOW,BILL_PAY,1815.43,0.00,UTILITY,APP_QR,56521.61,54706.18
TXN_10095,USR_0006,2026-10-04 20:00:00,OUTFLOW,MERCHANT_PAY,841.65,0.00,GROCERY,APP_QR,54706.18,53864.52
TXN_10096,USR_0006,2026-10-05 20:00:00,OUTFLOW,MERCHANT_PAY,989.32,0.00,TRANSPORT,APP_QR,53864.52,52875.21
TXN_10097,USR_0006,2026-10-07 20:00:00,OUTFLOW,MERCHANT_PAY,1195.62,0.00,DINING_OUT,APP_QR,52875.21,51679.58
TXN_10098,USR_0006,2026-10-08 20:00:00,OUTFLOW,MERCHANT_PAY,1073.04,0.00,TRANSPORT,APP_QR,51679.58,50606.54
TXN_10099,USR_0006,2026-10-10 20:00:00,OUTFLOW,MERCHANT_PAY,403.39,0.00,TRANSPORT,APP_QR,50606.54,50203.15
TXN_10100,USR_0006,2026-10-11 20:00:00,OUTFLOW,MERCHANT_PAY,463.64,0.00,GROCERY,APP_QR,50203.15,49739.51
TXN_10101,USR_0006,2026-10-14 20:00:00,OUTFLOW,MERCHANT_PAY,592.49,0.00,DINING_OUT,APP_QR,49739.51,49147.02
TXN_10102,USR_0006,2026-10-15 20:00:00,OUTFLOW,MERCHANT_PAY,1175.79,0.00,TRANSPORT,APP_QR,49147.02,47971.23
TXN_10103,USR_0006,2026-10-16 20:00:00,OUTFLOW,MERCHANT_PAY,604.95,0.00,GROCERY,APP_QR,47971.23,47366.28
TXN_10104,USR_0006,2026-10-18 18:20:00,OUTFLOW,CASH_OUT,3000.00,55.50,DISCRETIONARY,AGENT_POINT,47366.28,44310.78
TXN_10105,USR_0006,2026-10-19 20:00:00,OUTFLOW,MERCHANT_PAY,383.90,0.00,DINING_OUT,APP_QR,44310.78,43926.88
TXN_10106,USR_0006,2026-10-20 20:00:00,OUTFLOW,MERCHANT_PAY,377.06,0.00,DINING_OUT,APP_QR,43926.88,43549.81
TXN_10107,USR_0006,2026-10-21 20:00:00,OUTFLOW,MERCHANT_PAY,1158.15,0.00,DINING_OUT,APP_QR,43549.81,42391.67
TXN_10108,USR_0006,2026-10-22 20:00:00,OUTFLOW,MERCHANT_PAY,397.06,0.00,DINING_OUT,APP_QR,42391.67,41994.61
TXN_10109,USR_0006,2026-10-23 20:00:00,OUTFLOW,MERCHANT_PAY,647.58,0.00,DINING_OUT,APP_QR,41994.61,41347.03
TXN_10110,USR_0006,2026-10-24 20:00:00,OUTFLOW,MERCHANT_PAY,1076.11,0.00,TRANSPORT,APP_QR,41347.03,40270.92
TXN_10111,USR_0006,2026-10-25 20:00:00,OUTFLOW,MERCHANT_PAY,638.86,0.00,TRANSPORT,APP_QR,40270.92,39632.06
TXN_10112,USR_0006,2026-10-26 20:00:00,OUTFLOW,MERCHANT_PAY,292.66,0.00,TRANSPORT,APP_QR,39632.06,39339.40
TXN_10113,USR_0006,2026-10-27 20:00:00,OUTFLOW,MERCHANT_PAY,1167.93,0.00,DINING_OUT,APP_QR,39339.40,38171.47
TXN_10114,USR_0006,2026-10-30 20:00:00,OUTFLOW,MERCHANT_PAY,1199.97,0.00,TRANSPORT,APP_QR,38171.47,36971.50
TXN_10115,USR_0007,2026-10-01 09:00:00,INFLOW,CASH_IN,25000.00,0.00,SALARY,ONLINE_PGW,299.09,25299.09
TXN_10116,USR_0007,2026-10-01 18:20:00,OUTFLOW,CASH_OUT,3000.00,55.50,DISCRETIONARY,AGENT_POINT,25299.09,22243.59
TXN_10117,USR_0007,2026-10-02 20:00:00,OUTFLOW,MERCHANT_PAY,252.82,0.00,TRANSPORT,APP_QR,22243.59,21990.76
TXN_10118,USR_0007,2026-10-03 20:00:00,OUTFLOW,MERCHANT_PAY,845.72,0.00,DINING_OUT,APP_QR,21990.76,21145.05
TXN_10119,USR_0007,2026-10-04 11:30:00,OUTFLOW,BILL_PAY,2499.97,0.00,UTILITY,APP_QR,21145.05,18645.08
TXN_10120,USR_0007,2026-10-04 18:20:00,OUTFLOW,CASH_OUT,3000.00,55.50,DISCRETIONARY,AGENT_POINT,18645.08,15589.58
TXN_10121,USR_0007,2026-10-05 20:00:00,OUTFLOW,MERCHANT_PAY,682.50,0.00,GROCERY,APP_QR,15589.58,14907.08
TXN_10122,USR_0007,2026-10-06 20:00:00,OUTFLOW,MERCHANT_PAY,1082.27,0.00,TRANSPORT,APP_QR,14907.08,13824.81
TXN_10123,USR_0007,2026-10-07 18:20:00,OUTFLOW,CASH_OUT,3000.00,55.50,DISCRETIONARY,AGENT_POINT,13824.81,10769.31
TXN_10124,USR_0007,2026-10-09 20:00:00,OUTFLOW,MERCHANT_PAY,255.77,0.00,TRANSPORT,APP_QR,10769.31,10513.54
TXN_10125,USR_0007,2026-10-10 18:20:00,OUTFLOW,CASH_OUT,3000.00,55.50,DISCRETIONARY,AGENT_POINT,10513.54,7458.04
TXN_10126,USR_0007,2026-10-11 18:20:00,OUTFLOW,CASH_OUT,1000.00,18.50,DISCRETIONARY,AGENT_POINT,7458.04,6439.54
TXN_10127,USR_0007,2026-10-12 20:00:00,OUTFLOW,MERCHANT_PAY,1136.40,0.00,TRANSPORT,APP_QR,6439.54,5303.14
TXN_10128,USR_0007,2026-10-14 20:00:00,OUTFLOW,MERCHANT_PAY,811.66,0.00,GROCERY,APP_QR,5303.14,4491.48
TXN_10129,USR_0007,2026-10-15 18:20:00,OUTFLOW,CASH_OUT,1000.00,18.50,DISCRETIONARY,AGENT_POINT,4491.48,3472.98
TXN_10130,USR_0007,2026-10-17 18:20:00,OUTFLOW,CASH_OUT,2000.00,37.00,DISCRETIONARY,AGENT_POINT,3472.98,1435.98
TXN_10131,USR_0007,2026-10-18 20:00:00,OUTFLOW,MERCHANT_PAY,564.74,0.00,TRANSPORT,APP_QR,1435.98,871.25
TXN_10133,USR_0007,2026-10-22 20:00:00,OUTFLOW,MERCHANT_PAY,733.06,0.00,GROCERY,APP_QR,871.25,138.18
TXN_10134,USR_0008,2026-10-01 09:00:00,INFLOW,CASH_IN,20000.00,0.00,SALARY,ONLINE_PGW,265.47,20265.47
TXN_10135,USR_0008,2026-10-04 11:30:00,OUTFLOW,BILL_PAY,2091.66,0.00,UTILITY,APP_QR,20265.47,18173.81
TXN_10136,USR_0008,2026-10-04 18:20:00,OUTFLOW,CASH_OUT,2000.00,37.00,DISCRETIONARY,AGENT_POINT,18173.81,16136.81
TXN_10137,USR_0008,2026-10-05 18:20:00,OUTFLOW,CASH_OUT,1000.00,18.50,DISCRETIONARY,AGENT_POINT,16136.81,15118.31
TXN_10138,USR_0008,2026-10-09 20:00:00,OUTFLOW,MERCHANT_PAY,842.05,0.00,DINING_OUT,APP_QR,15118.31,14276.26
TXN_10139,USR_0008,2026-10-10 18:20:00,OUTFLOW,CASH_OUT,3000.00,55.50,DISCRETIONARY,AGENT_POINT,14276.26,11220.76
TXN_10140,USR_0008,2026-10-11 18:20:00,OUTFLOW,CASH_OUT,2000.00,37.00,DISCRETIONARY,AGENT_POINT,11220.76,9183.76
TXN_10141,USR_0008,2026-10-12 18:20:00,OUTFLOW,CASH_OUT,3000.00,55.50,DISCRETIONARY,AGENT_POINT,9183.76,6128.26
TXN_10142,USR_0008,2026-10-13 18:20:00,OUTFLOW,CASH_OUT,3000.00,55.50,DISCRETIONARY,AGENT_POINT,6128.26,3072.76
TXN_10143,USR_0008,2026-10-14 20:00:00,OUTFLOW,MERCHANT_PAY,233.84,0.00,DINING_OUT,APP_QR,3072.76,2838.91
TXN_10144,USR_0008,2026-10-16 20:00:00,OUTFLOW,MERCHANT_PAY,427.23,0.00,GROCERY,APP_QR,2838.91,2411.68
TXN_10145,USR_0008,2026-10-18 18:20:00,OUTFLOW,CASH_OUT,1000.00,18.50,DISCRETIONARY,AGENT_POINT,2411.68,1393.18
TXN_10146,USR_0008,2026-10-20 20:00:00,OUTFLOW,MERCHANT_PAY,1122.12,0.00,TRANSPORT,APP_QR,1393.18,271.06
TXN_10147,USR_0009,2026-10-01 09:00:00,INFLOW,CASH_IN,25000.00,0.00,SALARY,ONLINE_PGW,676.02,25676.02
TXN_10148,USR_0009,2026-10-01 18:20:00,OUTFLOW,CASH_OUT,2000.00,37.00,DISCRETIONARY,AGENT_POINT,25676.02,23639.02
TXN_10149,USR_0009,2026-10-03 18:20:00,OUTFLOW,CASH_OUT,1000.00,18.50,DISCRETIONARY,AGENT_POINT,23639.02,22620.52
TXN_10150,USR_0009,2026-10-04 11:30:00,OUTFLOW,BILL_PAY,1712.07,0.00,UTILITY,APP_QR,22620.52,20908.45
TXN_10151,USR_0009,2026-10-05 18:20:00,OUTFLOW,CASH_OUT,1000.00,18.50,DISCRETIONARY,AGENT_POINT,20908.45,19889.95
TXN_10152,USR_0009,2026-10-08 20:00:00,OUTFLOW,MERCHANT_PAY,323.20,0.00,TRANSPORT,APP_QR,19889.95,19566.75
TXN_10153,USR_0009,2026-10-09 18:20:00,OUTFLOW,CASH_OUT,1000.00,18.50,DISCRETIONARY,AGENT_POINT,19566.75,18548.25
TXN_10154,USR_0009,2026-10-15 20:00:00,OUTFLOW,MERCHANT_PAY,968.94,0.00,GROCERY,APP_QR,18548.25,17579.31
TXN_10155,USR_0009,2026-10-16 20:00:00,OUTFLOW,MERCHANT_PAY,746.21,0.00,TRANSPORT,APP_QR,17579.31,16833.10
TXN_10156,USR_0009,2026-10-17 18:20:00,OUTFLOW,CASH_OUT,1000.00,18.50,DISCRETIONARY,AGENT_POINT,16833.10,15814.60
TXN_10157,USR_0009,2026-10-21 20:00:00,OUTFLOW,MERCHANT_PAY,378.47,0.00,TRANSPORT,APP_QR,15814.60,15436.13
TXN_10158,USR_0009,2026-10-23 20:00:00,OUTFLOW,MERCHANT_PAY,783.09,0.00,TRANSPORT,APP_QR,15436.13,14653.04
TXN_10159,USR_0009,2026-10-24 18:20:00,OUTFLOW,CASH_OUT,3000.00,55.50,DISCRETIONARY,AGENT_POINT,14653.04,11597.54
TXN_10160,USR_0009,2026-10-27 18:20:00,OUTFLOW,CASH_OUT,1000.00,18.50,DISCRETIONARY,AGENT_POINT,11597.54,10579.04
TXN_10161,USR_0009,2026-10-28 18:20:00,OUTFLOW,CASH_OUT,2000.00,37.00,DISCRETIONARY,AGENT_POINT,10579.04,8542.04
TXN_10162,USR_0009,2026-10-29 18:20:00,OUTFLOW,CASH_OUT,2000.00,37.00,DISCRETIONARY,AGENT_POINT,8542.04,6505.04
TXN_10163,USR_0010,2026-10-01 09:00:00,INFLOW,CASH_IN,30000.00,0.00,SALARY,ONLINE_PGW,953.26,30953.26
TXN_10164,USR_0010,2026-10-01 18:20:00,OUTFLOW,CASH_OUT,1000.00,18.50,DISCRETIONARY,AGENT_POINT,30953.26,29934.76
TXN_10165,USR_0010,2026-10-02 18:20:00,OUTFLOW,CASH_OUT,2000.00,37.00,DISCRETIONARY,AGENT_POINT,29934.76,27897.76
TXN_10166,USR_0010,2026-10-04 11:30:00,OUTFLOW,BILL_PAY,2312.01,0.00,UTILITY,APP_QR,27897.76,25585.75
TXN_10167,USR_0010,2026-10-04 20:00:00,OUTFLOW,MERCHANT_PAY,1074.67,0.00,GROCERY,APP_QR,25585.75,24511.08
TXN_10168,USR_0010,2026-10-07 18:20:00,OUTFLOW,CASH_OUT,3000.00,55.50,DISCRETIONARY,AGENT_POINT,24511.08,21455.58
TXN_10169,USR_0010,2026-10-08 20:00:00,OUTFLOW,MERCHANT_PAY,832.08,0.00,DINING_OUT,APP_QR,21455.58,20623.50
TXN_10170,USR_0010,2026-10-09 18:20:00,OUTFLOW,CASH_OUT,3000.00,55.50,DISCRETIONARY,AGENT_POINT,20623.50,17568.00
TXN_10171,USR_0010,2026-10-12 20:00:00,OUTFLOW,MERCHANT_PAY,393.86,0.00,GROCERY,APP_QR,17568.00,17174.14
TXN_10172,USR_0010,2026-10-13 18:20:00,OUTFLOW,CASH_OUT,2000.00,37.00,DISCRETIONARY,AGENT_POINT,17174.14,15137.14
TXN_10173,USR_0010,2026-10-17 20:00:00,OUTFLOW,MERCHANT_PAY,737.92,0.00,GROCERY,APP_QR,15137.14,14399.22
TXN_10174,USR_0010,2026-10-18 20:00:00,OUTFLOW,MERCHANT_PAY,988.12,0.00,GROCERY,APP_QR,14399.22,13411.10
TXN_10175,USR_0010,2026-10-20 20:00:00,OUTFLOW,MERCHANT_PAY,696.84,0.00,TRANSPORT,APP_QR,13411.10,12714.26
TXN_10176,USR_0010,2026-10-23 18:20:00,OUTFLOW,CASH_OUT,1000.00,18.50,DISCRETIONARY,AGENT_POINT,12714.26,11695.76
TXN_10177,USR_0010,2026-10-24 18:20:00,OUTFLOW,CASH_OUT,3000.00,55.50,DISCRETIONARY,AGENT_POINT,11695.76,8640.26
TXN_10178,USR_0010,2026-10-25 20:00:00,OUTFLOW,MERCHANT_PAY,265.10,0.00,GROCERY,APP_QR,8640.26,8375.16
TXN_10179,USR_0010,2026-10-26 18:20:00,OUTFLOW,CASH_OUT,3000.00,55.50,DISCRETIONARY,AGENT_POINT,8375.16,5319.66
TXN_10180,USR_0010,2026-10-27 20:00:00,OUTFLOW,MERCHANT_PAY,543.29,0.00,DINING_OUT,APP_QR,5319.66,4776.37
TXN_10181,USR_0010,2026-10-28 18:20:00,OUTFLOW,CASH_OUT,3000.00,55.50,DISCRETIONARY,AGENT_POINT,4776.37,1720.87
TXN_10182,USR_0010,2026-10-29 20:00:00,OUTFLOW,MERCHANT_PAY,589.06,0.00,DINING_OUT,APP_QR,1720.87,1131.82
TXN_10184,USR_0011,2026-10-01 09:00:00,INFLOW,CASH_IN,20000.00,0.00,SALARY,ONLINE_PGW,907.00,20907.00
TXN_10185,USR_0011,2026-10-01 18:20:00,OUTFLOW,CASH_OUT,1000.00,18.50,DISCRETIONARY,AGENT_POINT,20907.00,19888.50
TXN_10186,USR_0011,2026-10-02 18:20:00,OUTFLOW,CASH_OUT,2000.00,37.00,DISCRETIONARY,AGENT_POINT,19888.50,17851.50
TXN_10187,USR_0011,2026-10-03 20:00:00,OUTFLOW,MERCHANT_PAY,801.79,0.00,TRANSPORT,APP_QR,17851.50,17049.71
TXN_10188,USR_0011,2026-10-04 11:30:00,OUTFLOW,BILL_PAY,1995.21,0.00,UTILITY,APP_QR,17049.71,15054.50
TXN_10189,USR_0011,2026-10-04 18:20:00,OUTFLOW,CASH_OUT,1000.00,18.50,DISCRETIONARY,AGENT_POINT,15054.50,14036.00
TXN_10190,USR_0011,2026-10-05 20:00:00,OUTFLOW,MERCHANT_PAY,300.65,0.00,TRANSPORT,APP_QR,14036.00,13735.35
TXN_10191,USR_0011,2026-10-06 18:20:00,OUTFLOW,CASH_OUT,1000.00,18.50,DISCRETIONARY,AGENT_POINT,13735.35,12716.85
TXN_10192,USR_0011,2026-10-07 18:20:00,OUTFLOW,CASH_OUT,1000.00,18.50,DISCRETIONARY,AGENT_POINT,12716.85,11698.35
TXN_10193,USR_0011,2026-10-08 18:20:00,OUTFLOW,CASH_OUT,3000.00,55.50,DISCRETIONARY,AGENT_POINT,11698.35,8642.85
TXN_10194,USR_0011,2026-10-11 18:20:00,OUTFLOW,CASH_OUT,1000.00,18.50,DISCRETIONARY,AGENT_POINT,8642.85,7624.35
TXN_10195,USR_0011,2026-10-12 18:20:00,OUTFLOW,CASH_OUT,2000.00,37.00,DISCRETIONARY,AGENT_POINT,7624.35,5587.35
TXN_10196,USR_0011,2026-10-13 20:00:00,OUTFLOW,MERCHANT_PAY,933.21,0.00,DINING_OUT,APP_QR,5587.35,4654.13
TXN_10197,USR_0011,2026-10-14 20:00:00,OUTFLOW,MERCHANT_PAY,1161.98,0.00,DINING_OUT,APP_QR,4654.13,3492.15
TXN_10198,USR_0011,2026-10-15 18:20:00,OUTFLOW,CASH_OUT,2000.00,37.00,DISCRETIONARY,AGENT_POINT,3492.15,1455.15
TXN_10200,USR_0011,2026-10-19 20:00:00,OUTFLOW,MERCHANT_PAY,507.69,0.00,GROCERY,APP_QR,1455.15,947.46
TXN_10203,USR_0011,2026-10-22 20:00:00,OUTFLOW,MERCHANT_PAY,486.97,0.00,DINING_OUT,APP_QR,947.46,460.49
TXN_10205,USR_0011,2026-10-24 20:00:00,OUTFLOW,MERCHANT_PAY,458.89,0.00,TRANSPORT,APP_QR,460.49,1.61
TXN_10206,USR_0012,2026-10-01 09:00:00,INFLOW,CASH_IN,30000.00,0.00,SALARY,ONLINE_PGW,567.66,30567.66
TXN_10207,USR_0012,2026-10-03 20:00:00,OUTFLOW,MERCHANT_PAY,334.67,0.00,GROCERY,APP_QR,30567.66,30232.99
TXN_10208,USR_0012,2026-10-04 11:30:00,OUTFLOW,BILL_PAY,1824.03,0.00,UTILITY,APP_QR,30232.99,28408.97
TXN_10209,USR_0012,2026-10-04 20:00:00,OUTFLOW,MERCHANT_PAY,813.23,0.00,TRANSPORT,APP_QR,28408.97,27595.74
TXN_10210,USR_0012,2026-10-11 18:20:00,OUTFLOW,CASH_OUT,3000.00,55.50,DISCRETIONARY,AGENT_POINT,27595.74,24540.24
TXN_10211,USR_0012,2026-10-12 20:00:00,OUTFLOW,MERCHANT_PAY,1051.89,0.00,TRANSPORT,APP_QR,24540.24,23488.36
TXN_10212,USR_0012,2026-10-13 20:00:00,OUTFLOW,MERCHANT_PAY,524.48,0.00,TRANSPORT,APP_QR,23488.36,22963.87
TXN_10213,USR_0012,2026-10-14 20:00:00,OUTFLOW,MERCHANT_PAY,591.10,0.00,GROCERY,APP_QR,22963.87,22372.77
TXN_10214,USR_0012,2026-10-15 18:20:00,OUTFLOW,CASH_OUT,1000.00,18.50,DISCRETIONARY,AGENT_POINT,22372.77,21354.27
TXN_10215,USR_0012,2026-10-16 18:20:00,OUTFLOW,CASH_OUT,2000.00,37.00,DISCRETIONARY,AGENT_POINT,21354.27,19317.27
TXN_10216,USR_0012,2026-10-17 20:00:00,OUTFLOW,MERCHANT_PAY,537.24,0.00,GROCERY,APP_QR,19317.27,18780.03
TXN_10217,USR_0012,2026-10-18 18:20:00,OUTFLOW,CASH_OUT,2000.00,37.00,DISCRETIONARY,AGENT_POINT,18780.03,16743.03
TXN_10218,USR_0012,2026-10-22 18:20:00,OUTFLOW,CASH_OUT,3000.00,55.50,DISCRETIONARY,AGENT_POINT,16743.03,13687.53
TXN_10219,USR_0012,2026-10-25 18:20:00,OUTFLOW,CASH_OUT,1000.00,18.50,DISCRETIONARY,AGENT_POINT,13687.53,12669.03
TXN_10220,USR_0012,2026-10-26 18:20:00,OUTFLOW,CASH_OUT,1000.00,18.50,DISCRETIONARY,AGENT_POINT,12669.03,11650.53
TXN_10221,USR_0012,2026-10-27 20:00:00,OUTFLOW,MERCHANT_PAY,359.52,0.00,GROCERY,APP_QR,11650.53,11291.01
TXN_10222,USR_0012,2026-10-29 20:00:00,OUTFLOW,MERCHANT_PAY,665.16,0.00,GROCERY,APP_QR,11291.01,10625.84
TXN_10223,USR_0012,2026-10-30 18:20:00,OUTFLOW,CASH_OUT,1000.00,18.50,DISCRETIONARY,AGENT_POINT,10625.84,9607.34
TXN_10224,USR_0013,2026-10-01 09:00:00,INFLOW,CASH_IN,45000.00,0.00,SALARY,ONLINE_PGW,210.63,45210.63
TXN_10225,USR_0013,2026-10-01 20:00:00,OUTFLOW,MERCHANT_PAY,1153.80,0.00,DINING_OUT,APP_QR,45210.63,44056.83
TXN_10226,USR_0013,2026-10-04 11:30:00,OUTFLOW,BILL_PAY,1798.00,0.00,UTILITY,APP_QR,44056.83,42258.83
TXN_10227,USR_0013,2026-10-04 20:00:00,OUTFLOW,MERCHANT_PAY,527.76,0.00,TRANSPORT,APP_QR,42258.83,41731.07
TXN_10228,USR_0013,2026-10-05 20:00:00,OUTFLOW,MERCHANT_PAY,591.27,0.00,GROCERY,APP_QR,41731.07,41139.80
TXN_10229,USR_0013,2026-10-07 20:00:00,OUTFLOW,MERCHANT_PAY,488.32,0.00,DINING_OUT,APP_QR,41139.80,40651.48
TXN_10230,USR_0013,2026-10-08 20:00:00,OUTFLOW,MERCHANT_PAY,710.21,0.00,TRANSPORT,APP_QR,40651.48,39941.27
TXN_10231,USR_0013,2026-10-09 20:00:00,OUTFLOW,MERCHANT_PAY,868.83,0.00,DINING_OUT,APP_QR,39941.27,39072.45
TXN_10232,USR_0013,2026-10-11 20:00:00,OUTFLOW,MERCHANT_PAY,496.53,0.00,DINING_OUT,APP_QR,39072.45,38575.91
TXN_10233,USR_0013,2026-10-12 18:20:00,OUTFLOW,CASH_OUT,2000.00,37.00,DISCRETIONARY,AGENT_POINT,38575.91,36538.91
TXN_10234,USR_0013,2026-10-14 20:00:00,OUTFLOW,MERCHANT_PAY,800.47,0.00,TRANSPORT,APP_QR,36538.91,35738.44
TXN_10235,USR_0013,2026-10-15 20:00:00,OUTFLOW,MERCHANT_PAY,777.81,0.00,DINING_OUT,APP_QR,35738.44,34960.63
TXN_10236,USR_0013,2026-10-16 20:00:00,OUTFLOW,MERCHANT_PAY,709.34,0.00,GROCERY,APP_QR,34960.63,34251.29
TXN_10237,USR_0013,2026-10-17 20:00:00,OUTFLOW,MERCHANT_PAY,885.23,0.00,GROCERY,APP_QR,34251.29,33366.07
TXN_10238,USR_0013,2026-10-18 18:20:00,OUTFLOW,CASH_OUT,3000.00,55.50,DISCRETIONARY,AGENT_POINT,33366.07,30310.57
TXN_10239,USR_0013,2026-10-19 20:00:00,OUTFLOW,MERCHANT_PAY,931.52,0.00,GROCERY,APP_QR,30310.57,29379.04
TXN_10240,USR_0013,2026-10-22 20:00:00,OUTFLOW,MERCHANT_PAY,405.23,0.00,GROCERY,APP_QR,29379.04,28973.81
TXN_10241,USR_0013,2026-10-23 20:00:00,OUTFLOW,MERCHANT_PAY,747.54,0.00,GROCERY,APP_QR,28973.81,28226.27
TXN_10242,USR_0013,2026-10-24 20:00:00,OUTFLOW,MERCHANT_PAY,1119.10,0.00,TRANSPORT,APP_QR,28226.27,27107.17
TXN_10243,USR_0013,2026-10-26 20:00:00,OUTFLOW,MERCHANT_PAY,393.03,0.00,DINING_OUT,APP_QR,27107.17,26714.14
TXN_10244,USR_0013,2026-10-27 20:00:00,OUTFLOW,MERCHANT_PAY,952.68,0.00,DINING_OUT,APP_QR,26714.14,25761.46
TXN_10245,USR_0013,2026-10-28 20:00:00,OUTFLOW,MERCHANT_PAY,839.99,0.00,GROCERY,APP_QR,25761.46,24921.47
TXN_10246,USR_0013,2026-10-29 20:00:00,OUTFLOW,MERCHANT_PAY,715.47,0.00,GROCERY,APP_QR,24921.47,24206.00
TXN_10247,USR_0013,2026-10-30 20:00:00,OUTFLOW,MERCHANT_PAY,554.19,0.00,DINING_OUT,APP_QR,24206.00,23651.81
TXN_10248,USR_0014,2026-10-01 09:00:00,INFLOW,CASH_IN,45000.00,0.00,SALARY,ONLINE_PGW,911.06,45911.06
TXN_10249,USR_0014,2026-10-02 20:00:00,OUTFLOW,MERCHANT_PAY,684.98,0.00,DINING_OUT,APP_QR,45911.06,45226.08
TXN_10250,USR_0014,2026-10-03 18:20:00,OUTFLOW,CASH_OUT,3000.00,55.50,DISCRETIONARY,AGENT_POINT,45226.08,42170.58
TXN_10251,USR_0014,2026-10-04 11:30:00,OUTFLOW,BILL_PAY,1617.66,0.00,UTILITY,APP_QR,42170.58,40552.92
TXN_10252,USR_0014,2026-10-08 18:20:00,OUTFLOW,CASH_OUT,1000.00,18.50,DISCRETIONARY,AGENT_POINT,40552.92,39534.42
TXN_10253,USR_0014,2026-10-09 20:00:00,OUTFLOW,MERCHANT_PAY,1154.39,0.00,GROCERY,APP_QR,39534.42,38380.02
TXN_10254,USR_0014,2026-10-11 20:00:00,OUTFLOW,MERCHANT_PAY,771.26,0.00,GROCERY,APP_QR,38380.02,37608.76
TXN_10255,USR_0014,2026-10-12 20:00:00,OUTFLOW,MERCHANT_PAY,1051.15,0.00,DINING_OUT,APP_QR,37608.76,36557.61
TXN_10256,USR_0014,2026-10-13 20:00:00,OUTFLOW,MERCHANT_PAY,211.58,0.00,TRANSPORT,APP_QR,36557.61,36346.03
TXN_10257,USR_0014,2026-10-14 20:00:00,OUTFLOW,MERCHANT_PAY,376.32,0.00,DINING_OUT,APP_QR,36346.03,35969.71
TXN_10258,USR_0014,2026-10-15 20:00:00,OUTFLOW,MERCHANT_PAY,303.74,0.00,DINING_OUT,APP_QR,35969.71,35665.98
TXN_10259,USR_0014,2026-10-18 20:00:00,OUTFLOW,MERCHANT_PAY,515.58,0.00,GROCERY,APP_QR,35665.98,35150.40
TXN_10260,USR_0014,2026-10-20 20:00:00,OUTFLOW,MERCHANT_PAY,548.89,0.00,DINING_OUT,APP_QR,35150.40,34601.50
TXN_10261,USR_0014,2026-10-21 20:00:00,OUTFLOW,MERCHANT_PAY,720.88,0.00,GROCERY,APP_QR,34601.50,33880.62
TXN_10262,USR_0014,2026-10-22 20:00:00,OUTFLOW,MERCHANT_PAY,1052.02,0.00,DINING_OUT,APP_QR,33880.62,32828.60
TXN_10263,USR_0014,2026-10-24 20:00:00,OUTFLOW,MERCHANT_PAY,517.81,0.00,DINING_OUT,APP_QR,32828.60,32310.80
TXN_10264,USR_0014,2026-10-26 20:00:00,OUTFLOW,MERCHANT_PAY,551.93,0.00,DINING_OUT,APP_QR,32310.80,31758.86
TXN_10265,USR_0014,2026-10-27 18:20:00,OUTFLOW,CASH_OUT,2000.00,37.00,DISCRETIONARY,AGENT_POINT,31758.86,29721.86
TXN_10266,USR_0015,2026-10-01 09:00:00,INFLOW,CASH_IN,25000.00,0.00,SALARY,ONLINE_PGW,340.81,25340.81
TXN_10267,USR_0015,2026-10-03 20:00:00,OUTFLOW,MERCHANT_PAY,1078.22,0.00,DINING_OUT,APP_QR,25340.81,24262.59
TXN_10268,USR_0015,2026-10-04 11:30:00,OUTFLOW,BILL_PAY,1920.00,0.00,UTILITY,APP_QR,24262.59,22342.59
TXN_10269,USR_0015,2026-10-04 18:20:00,OUTFLOW,CASH_OUT,2000.00,37.00,DISCRETIONARY,AGENT_POINT,22342.59,20305.59
TXN_10270,USR_0015,2026-10-05 18:20:00,OUTFLOW,CASH_OUT,3000.00,55.50,DISCRETIONARY,AGENT_POINT,20305.59,17250.09
TXN_10271,USR_0015,2026-10-06 20:00:00,OUTFLOW,MERCHANT_PAY,512.04,0.00,GROCERY,APP_QR,17250.09,16738.05
TXN_10272,USR_0015,2026-10-07 20:00:00,OUTFLOW,MERCHANT_PAY,1123.37,0.00,DINING_OUT,APP_QR,16738.05,15614.68
TXN_10273,USR_0015,2026-10-08 20:00:00,OUTFLOW,MERCHANT_PAY,813.84,0.00,DINING_OUT,APP_QR,15614.68,14800.84
TXN_10274,USR_0015,2026-10-09 20:00:00,OUTFLOW,MERCHANT_PAY,579.57,0.00,DINING_OUT,APP_QR,14800.84,14221.27
TXN_10275,USR_0015,2026-10-10 18:20:00,OUTFLOW,CASH_OUT,2000.00,37.00,DISCRETIONARY,AGENT_POINT,14221.27,12184.27
TXN_10276,USR_0015,2026-10-11 18:20:00,OUTFLOW,CASH_OUT,3000.00,55.50,DISCRETIONARY,AGENT_POINT,12184.27,9128.77
TXN_10277,USR_0015,2026-10-12 18:20:00,OUTFLOW,CASH_OUT,2000.00,37.00,DISCRETIONARY,AGENT_POINT,9128.77,7091.77
TXN_10278,USR_0015,2026-10-13 18:20:00,OUTFLOW,CASH_OUT,3000.00,55.50,DISCRETIONARY,AGENT_POINT,7091.77,4036.27
TXN_10279,USR_0015,2026-10-15 18:20:00,OUTFLOW,CASH_OUT,1000.00,18.50,DISCRETIONARY,AGENT_POINT,4036.27,3017.77
TXN_10283,USR_0015,2026-10-23 18:20:00,OUTFLOW,CASH_OUT,2000.00,37.00,DISCRETIONARY,AGENT_POINT,3017.77,980.77
TXN_10286,USR_0015,2026-10-27 20:00:00,OUTFLOW,MERCHANT_PAY,520.78,0.00,GROCERY,APP_QR,980.77,459.99
TXN_10289,USR_0016,2026-10-01 09:00:00,INFLOW,CASH_IN,25000.00,0.00,SALARY,ONLINE_PGW,646.70,25646.70
TXN_10290,USR_0016,2026-10-02 18:20:00,OUTFLOW,CASH_OUT,3000.00,55.50,DISCRETIONARY,AGENT_POINT,25646.70,22591.20
TXN_10291,USR_0016,2026-10-04 11:30:00,OUTFLOW,BILL_PAY,1623.16,0.00,UTILITY,APP_QR,22591.20,20968.04
TXN_10292,USR_0016,2026-10-04 20:00:00,OUTFLOW,MERCHANT_PAY,406.18,0.00,TRANSPORT,APP_QR,20968.04,20561.86
TXN_10293,USR_0016,2026-10-05 20:00:00,OUTFLOW,MERCHANT_PAY,1142.88,0.00,TRANSPORT,APP_QR,20561.86,19418.98
TXN_10294,USR_0016,2026-10-06 18:20:00,OUTFLOW,CASH_OUT,2000.00,37.00,DISCRETIONARY,AGENT_POINT,19418.98,17381.98
TXN_10295,USR_0016,2026-10-09 18:20:00,OUTFLOW,CASH_OUT,1000.00,18.50,DISCRETIONARY,AGENT_POINT,17381.98,16363.48
TXN_10296,USR_0016,2026-10-10 18:20:00,OUTFLOW,CASH_OUT,2000.00,37.00,DISCRETIONARY,AGENT_POINT,16363.48,14326.48
TXN_10297,USR_0016,2026-10-11 20:00:00,OUTFLOW,MERCHANT_PAY,963.38,0.00,GROCERY,APP_QR,14326.48,13363.10
TXN_10298,USR_0016,2026-10-12 18:20:00,OUTFLOW,CASH_OUT,2000.00,37.00,DISCRETIONARY,AGENT_POINT,13363.10,11326.10
TXN_10299,USR_0016,2026-10-13 18:20:00,OUTFLOW,CASH_OUT,2000.00,37.00,DISCRETIONARY,AGENT_POINT,11326.10,9289.10
TXN_10300,USR_0016,2026-10-15 20:00:00,OUTFLOW,MERCHANT_PAY,642.11,0.00,TRANSPORT,APP_QR,9289.10,8646.99
TXN_10301,USR_0016,2026-10-16 20:00:00,OUTFLOW,MERCHANT_PAY,963.85,0.00,GROCERY,APP_QR,8646.99,7683.14
TXN_10302,USR_0016,2026-10-17 20:00:00,OUTFLOW,MERCHANT_PAY,359.84,0.00,GROCERY,APP_QR,7683.14,7323.30
TXN_10303,USR_0016,2026-10-19 18:20:00,OUTFLOW,CASH_OUT,1000.00,18.50,DISCRETIONARY,AGENT_POINT,7323.30,6304.80
TXN_10304,USR_0016,2026-10-20 18:20:00,OUTFLOW,CASH_OUT,3000.00,55.50,DISCRETIONARY,AGENT_POINT,6304.80,3249.30
TXN_10305,USR_0016,2026-10-22 18:20:00,OUTFLOW,CASH_OUT,1000.00,18.50,DISCRETIONARY,AGENT_POINT,3249.30,2230.80
TXN_10306,USR_0016,2026-10-23 20:00:00,OUTFLOW,MERCHANT_PAY,455.08,0.00,DINING_OUT,APP_QR,2230.80,1775.72
TXN_10308,USR_0016,2026-10-29 20:00:00,OUTFLOW,MERCHANT_PAY,644.66,0.00,DINING_OUT,APP_QR,1775.72,1131.05
TXN_10309,USR_0017,2026-10-01 09:00:00,INFLOW,CASH_IN,25000.00,0.00,SALARY,ONLINE_PGW,401.62,25401.62
TXN_10310,USR_0017,2026-10-01 18:20:00,OUTFLOW,CASH_OUT,1000.00,18.50,DISCRETIONARY,AGENT_POINT,25401.62,24383.12
TXN_10311,USR_0017,2026-10-02 18:20:00,OUTFLOW,CASH_OUT,3000.00,55.50,DISCRETIONARY,AGENT_POINT,24383.12,21327.62
TXN_10312,USR_0017,2026-10-03 18:20:00,OUTFLOW,CASH_OUT,1000.00,18.50,DISCRETIONARY,AGENT_POINT,21327.62,20309.12
TXN_10313,USR_0017,2026-10-04 11:30:00,OUTFLOW,BILL_PAY,2039.00,0.00,UTILITY,APP_QR,20309.12,18270.12
TXN_10314,USR_0017,2026-10-06 20:00:00,OUTFLOW,MERCHANT_PAY,1112.47,0.00,DINING_OUT,APP_QR,18270.12,17157.65
TXN_10315,USR_0017,2026-10-07 18:20:00,OUTFLOW,CASH_OUT,3000.00,55.50,DISCRETIONARY,AGENT_POINT,17157.65,14102.15
TXN_10316,USR_0017,2026-10-08 20:00:00,OUTFLOW,MERCHANT_PAY,718.60,0.00,TRANSPORT,APP_QR,14102.15,13383.54
TXN_10317,USR_0017,2026-10-09 20:00:00,OUTFLOW,MERCHANT_PAY,258.28,0.00,DINING_OUT,APP_QR,13383.54,13125.26
TXN_10318,USR_0017,2026-10-10 20:00:00,OUTFLOW,MERCHANT_PAY,370.29,0.00,DINING_OUT,APP_QR,13125.26,12754.97
TXN_10319,USR_0017,2026-10-12 18:20:00,OUTFLOW,CASH_OUT,1000.00,18.50,DISCRETIONARY,AGENT_POINT,12754.97,11736.47
TXN_10320,USR_0017,2026-10-13 18:20:00,OUTFLOW,CASH_OUT,3000.00,55.50,DISCRETIONARY,AGENT_POINT,11736.47,8680.97
TXN_10321,USR_0017,2026-10-14 18:20:00,OUTFLOW,CASH_OUT,2000.00,37.00,DISCRETIONARY,AGENT_POINT,8680.97,6643.97
TXN_10322,USR_0017,2026-10-15 18:20:00,OUTFLOW,CASH_OUT,3000.00,55.50,DISCRETIONARY,AGENT_POINT,6643.97,3588.47
TXN_10323,USR_0017,2026-10-18 18:20:00,OUTFLOW,CASH_OUT,1000.00,18.50,DISCRETIONARY,AGENT_POINT,3588.47,2569.97
TXN_10324,USR_0017,2026-10-19 20:00:00,OUTFLOW,MERCHANT_PAY,1180.66,0.00,GROCERY,APP_QR,2569.97,1389.31
TXN_10325,USR_0017,2026-10-26 20:00:00,OUTFLOW,MERCHANT_PAY,863.09,0.00,GROCERY,APP_QR,1389.31,526.22
TXN_10329,USR_0018,2026-10-01 09:00:00,INFLOW,CASH_IN,25000.00,0.00,SALARY,ONLINE_PGW,447.52,25447.52
TXN_10330,USR_0018,2026-10-01 18:20:00,OUTFLOW,CASH_OUT,3000.00,55.50,DISCRETIONARY,AGENT_POINT,25447.52,22392.02
TXN_10331,USR_0018,2026-10-04 11:30:00,OUTFLOW,BILL_PAY,2184.23,0.00,UTILITY,APP_QR,22392.02,20207.79
TXN_10332,USR_0018,2026-10-04 18:20:00,OUTFLOW,CASH_OUT,3000.00,55.50,DISCRETIONARY,AGENT_POINT,20207.79,17152.29
TXN_10333,USR_0018,2026-10-05 18:20:00,OUTFLOW,CASH_OUT,2000.00,37.00,DISCRETIONARY,AGENT_POINT,17152.29,15115.29
TXN_10334,USR_0018,2026-10-06 18:20:00,OUTFLOW,CASH_OUT,3000.00,55.50,DISCRETIONARY,AGENT_POINT,15115.29,12059.79
TXN_10335,USR_0018,2026-10-08 20:00:00,OUTFLOW,MERCHANT_PAY,494.38,0.00,GROCERY,APP_QR,12059.79,11565.41
TXN_10336,USR_0018,2026-10-09 18:20:00,OUTFLOW,CASH_OUT,2000.00,37.00,DISCRETIONARY,AGENT_POINT,11565.41,9528.41
TXN_10337,USR_0018,2026-10-10 18:20:00,OUTFLOW,CASH_OUT,3000.00,55.50,DISCRETIONARY,AGENT_POINT,9528.41,6472.91
TXN_10338,USR_0018,2026-10-11 20:00:00,OUTFLOW,MERCHANT_PAY,496.87,0.00,GROCERY,APP_QR,6472.91,5976.04
TXN_10339,USR_0018,2026-10-13 18:20:00,OUTFLOW,CASH_OUT,2000.00,37.00,DISCRETIONARY,AGENT_POINT,5976.04,3939.04
TXN_10340,USR_0018,2026-10-14 18:20:00,OUTFLOW,CASH_OUT,3000.00,55.50,DISCRETIONARY,AGENT_POINT,3939.04,883.54
TXN_10346,USR_0018,2026-10-26 20:00:00,OUTFLOW,MERCHANT_PAY,623.73,0.00,DINING_OUT,APP_QR,883.54,259.81
TXN_10347,USR_0019,2026-10-01 09:00:00,INFLOW,CASH_IN,30000.00,0.00,SALARY,ONLINE_PGW,852.69,30852.69
TXN_10348,USR_0019,2026-10-02 20:00:00,OUTFLOW,MERCHANT_PAY,612.41,0.00,GROCERY,APP_QR,30852.69,30240.27
TXN_10349,USR_0019,2026-10-03 18:20:00,OUTFLOW,CASH_OUT,1000.00,18.50,DISCRETIONARY,AGENT_POINT,30240.27,29221.77
TXN_10350,USR_0019,2026-10-04 11:30:00,OUTFLOW,BILL_PAY,1987.27,0.00,UTILITY,APP_QR,29221.77,27234.50
TXN_10351,USR_0019,2026-10-05 20:00:00,OUTFLOW,MERCHANT_PAY,968.68,0.00,GROCERY,APP_QR,27234.50,26265.83
TXN_10352,USR_0019,2026-10-07 18:20:00,OUTFLOW,CASH_OUT,3000.00,55.50,DISCRETIONARY,AGENT_POINT,26265.83,23210.33
TXN_10353,USR_0019,2026-10-08 18:20:00,OUTFLOW,CASH_OUT,2000.00,37.00,DISCRETIONARY,AGENT_POINT,23210.33,21173.33
TXN_10354,USR_0019,2026-10-11 20:00:00,OUTFLOW,MERCHANT_PAY,1000.37,0.00,DINING_OUT,APP_QR,21173.33,20172.95
TXN_10355,USR_0019,2026-10-12 20:00:00,OUTFLOW,MERCHANT_PAY,587.19,0.00,DINING_OUT,APP_QR,20172.95,19585.76
TXN_10356,USR_0019,2026-10-13 20:00:00,OUTFLOW,MERCHANT_PAY,452.56,0.00,DINING_OUT,APP_QR,19585.76,19133.20
TXN_10357,USR_0019,2026-10-15 20:00:00,OUTFLOW,MERCHANT_PAY,488.91,0.00,DINING_OUT,APP_QR,19133.20,18644.29
TXN_10358,USR_0019,2026-10-16 20:00:00,OUTFLOW,MERCHANT_PAY,865.73,0.00,DINING_OUT,APP_QR,18644.29,17778.56
TXN_10359,USR_0019,2026-10-17 18:20:00,OUTFLOW,CASH_OUT,2000.00,37.00,DISCRETIONARY,AGENT_POINT,17778.56,15741.56
TXN_10360,USR_0019,2026-10-20 20:00:00,OUTFLOW,MERCHANT_PAY,1131.65,0.00,DINING_OUT,APP_QR,15741.56,14609.91
TXN_10361,USR_0019,2026-10-21 18:20:00,OUTFLOW,CASH_OUT,3000.00,55.50,DISCRETIONARY,AGENT_POINT,14609.91,11554.41
TXN_10362,USR_0019,2026-10-22 18:20:00,OUTFLOW,CASH_OUT,1000.00,18.50,DISCRETIONARY,AGENT_POINT,11554.41,10535.91
TXN_10363,USR_0019,2026-10-23 20:00:00,OUTFLOW,MERCHANT_PAY,619.09,0.00,TRANSPORT,APP_QR,10535.91,9916.81
TXN_10364,USR_0019,2026-10-25 20:00:00,OUTFLOW,MERCHANT_PAY,363.02,0.00,DINING_OUT,APP_QR,9916.81,9553.79
TXN_10365,USR_0019,2026-10-27 20:00:00,OUTFLOW,MERCHANT_PAY,966.39,0.00,DINING_OUT,APP_QR,9553.79,8587.40
TXN_10366,USR_0019,2026-10-28 18:20:00,OUTFLOW,CASH_OUT,1000.00,18.50,DISCRETIONARY,AGENT_POINT,8587.40,7568.90
TXN_10367,USR_0019,2026-10-29 20:00:00,OUTFLOW,MERCHANT_PAY,401.47,0.00,DINING_OUT,APP_QR,7568.90,7167.43
TXN_10368,USR_0019,2026-10-30 18:20:00,OUTFLOW,CASH_OUT,3000.00,55.50,DISCRETIONARY,AGENT_POINT,7167.43,4111.93
TXN_10369,USR_0020,2026-10-01 09:00:00,INFLOW,CASH_IN,30000.00,0.00,SALARY,ONLINE_PGW,704.05,30704.05
TXN_10370,USR_0020,2026-10-03 20:00:00,OUTFLOW,MERCHANT_PAY,742.84,0.00,DINING_OUT,APP_QR,30704.05,29961.21
TXN_10371,USR_0020,2026-10-04 11:30:00,OUTFLOW,BILL_PAY,1953.29,0.00,UTILITY,APP_QR,29961.21,28007.92
TXN_10372,USR_0020,2026-10-04 18:20:00,OUTFLOW,CASH_OUT,3000.00,55.50,DISCRETIONARY,AGENT_POINT,28007.92,24952.42
TXN_10373,USR_0020,2026-10-05 20:00:00,OUTFLOW,MERCHANT_PAY,475.56,0.00,TRANSPORT,APP_QR,24952.42,24476.86
TXN_10374,USR_0020,2026-10-06 18:20:00,OUTFLOW,CASH_OUT,1000.00,18.50,DISCRETIONARY,AGENT_POINT,24476.86,23458.36
TXN_10375,USR_0020,2026-10-08 18:20:00,OUTFLOW,CASH_OUT,2000.00,37.00,DISCRETIONARY,AGENT_POINT,23458.36,21421.36
TXN_10376,USR_0020,2026-10-09 18:20:00,OUTFLOW,CASH_OUT,1000.00,18.50,DISCRETIONARY,AGENT_POINT,21421.36,20402.86
TXN_10377,USR_0020,2026-10-13 18:20:00,OUTFLOW,CASH_OUT,2000.00,37.00,DISCRETIONARY,AGENT_POINT,20402.86,18365.86
TXN_10378,USR_0020,2026-10-15 18:20:00,OUTFLOW,CASH_OUT,1000.00,18.50,DISCRETIONARY,AGENT_POINT,18365.86,17347.36
TXN_10379,USR_0020,2026-10-16 18:20:00,OUTFLOW,CASH_OUT,3000.00,55.50,DISCRETIONARY,AGENT_POINT,17347.36,14291.86
TXN_10380,USR_0020,2026-10-17 18:20:00,OUTFLOW,CASH_OUT,1000.00,18.50,DISCRETIONARY,AGENT_POINT,14291.86,13273.36
TXN_10381,USR_0020,2026-10-18 18:20:00,OUTFLOW,CASH_OUT,2000.00,37.00,DISCRETIONARY,AGENT_POINT,13273.36,11236.36
TXN_10382,USR_0020,2026-10-19 18:20:00,OUTFLOW,CASH_OUT,3000.00,55.50,DISCRETIONARY,AGENT_POINT,11236.36,8180.86
TXN_10383,USR_0020,2026-10-20 18:20:00,OUTFLOW,CASH_OUT,1000.00,18.50,DISCRETIONARY,AGENT_POINT,8180.86,7162.36
TXN_10384,USR_0020,2026-10-23 18:20:00,OUTFLOW,CASH_OUT,2000.00,37.00,DISCRETIONARY,AGENT_POINT,7162.36,5125.36
TXN_10385,USR_0020,2026-10-26 20:00:00,OUTFLOW,MERCHANT_PAY,375.23,0.00,DINING_OUT,APP_QR,5125.36,4750.13
TXN_10386,USR_0020,2026-10-29 18:20:00,OUTFLOW,CASH_OUT,3000.00,55.50,DISCRETIONARY,AGENT_POINT,4750.13,1694.63
TXN_10388,USR_0021,2026-10-01 09:00:00,INFLOW,CASH_IN,30000.00,0.00,SALARY,ONLINE_PGW,708.60,30708.60
TXN_10389,USR_0021,2026-10-01 18:20:00,OUTFLOW,CASH_OUT,3000.00,55.50,DISCRETIONARY,AGENT_POINT,30708.60,27653.10
TXN_10390,USR_0021,2026-10-02 20:00:00,OUTFLOW,MERCHANT_PAY,374.87,0.00,GROCERY,APP_QR,27653.10,27278.23
TXN_10391,USR_0021,2026-10-03 20:00:00,OUTFLOW,MERCHANT_PAY,342.78,0.00,DINING_OUT,APP_QR,27278.23,26935.45
TXN_10392,USR_0021,2026-10-04 11:30:00,OUTFLOW,BILL_PAY,1796.75,0.00,UTILITY,APP_QR,26935.45,25138.70
TXN_10393,USR_0021,2026-10-05 20:00:00,OUTFLOW,MERCHANT_PAY,1022.45,0.00,GROCERY,APP_QR,25138.70,24116.26
TXN_10394,USR_0021,2026-10-06 18:20:00,OUTFLOW,CASH_OUT,2000.00,37.00,DISCRETIONARY,AGENT_POINT,24116.26,22079.26
TXN_10395,USR_0021,2026-10-07 20:00:00,OUTFLOW,MERCHANT_PAY,962.53,0.00,DINING_OUT,APP_QR,22079.26,21116.73
TXN_10396,USR_0021,2026-10-09 20:00:00,OUTFLOW,MERCHANT_PAY,558.66,0.00,GROCERY,APP_QR,21116.73,20558.06
TXN_10397,USR_0021,2026-10-10 20:00:00,OUTFLOW,MERCHANT_PAY,444.49,0.00,TRANSPORT,APP_QR,20558.06,20113.57
TXN_10398,USR_0021,2026-10-14 20:00:00,OUTFLOW,MERCHANT_PAY,370.34,0.00,GROCERY,APP_QR,20113.57,19743.24
TXN_10399,USR_0021,2026-10-15 18:20:00,OUTFLOW,CASH_OUT,2000.00,37.00,DISCRETIONARY,AGENT_POINT,19743.24,17706.24
TXN_10400,USR_0021,2026-10-16 20:00:00,OUTFLOW,MERCHANT_PAY,1181.45,0.00,TRANSPORT,APP_QR,17706.24,16524.78
TXN_10401,USR_0021,2026-10-17 20:00:00,OUTFLOW,MERCHANT_PAY,930.65,0.00,DINING_OUT,APP_QR,16524.78,15594.14
TXN_10402,USR_0021,2026-10-19 20:00:00,OUTFLOW,MERCHANT_PAY,1026.40,0.00,DINING_OUT,APP_QR,15594.14,14567.74
TXN_10403,USR_0021,2026-10-20 18:20:00,OUTFLOW,CASH_OUT,2000.00,37.00,DISCRETIONARY,AGENT_POINT,14567.74,12530.74
TXN_10404,USR_0021,2026-10-21 18:20:00,OUTFLOW,CASH_OUT,3000.00,55.50,DISCRETIONARY,AGENT_POINT,12530.74,9475.24
TXN_10405,USR_0021,2026-10-22 18:20:00,OUTFLOW,CASH_OUT,1000.00,18.50,DISCRETIONARY,AGENT_POINT,9475.24,8456.74
TXN_10406,USR_0021,2026-10-23 18:20:00,OUTFLOW,CASH_OUT,2000.00,37.00,DISCRETIONARY,AGENT_POINT,8456.74,6419.74
TXN_10407,USR_0021,2026-10-24 18:20:00,OUTFLOW,CASH_OUT,1000.00,18.50,DISCRETIONARY,AGENT_POINT,6419.74,5401.24
TXN_10408,USR_0021,2026-10-25 20:00:00,OUTFLOW,MERCHANT_PAY,784.23,0.00,TRANSPORT,APP_QR,5401.24,4617.00
TXN_10409,USR_0021,2026-10-26 20:00:00,OUTFLOW,MERCHANT_PAY,1004.89,0.00,TRANSPORT,APP_QR,4617.00,3612.11
TXN_10410,USR_0022,2026-10-01 09:00:00,INFLOW,CASH_IN,30000.00,0.00,SALARY,ONLINE_PGW,431.06,30431.06
TXN_10411,USR_0022,2026-10-02 18:20:00,OUTFLOW,CASH_OUT,2000.00,37.00,DISCRETIONARY,AGENT_POINT,30431.06,28394.06
TXN_10412,USR_0022,2026-10-03 20:00:00,OUTFLOW,MERCHANT_PAY,655.18,0.00,TRANSPORT,APP_QR,28394.06,27738.88
TXN_10413,USR_0022,2026-10-04 11:30:00,OUTFLOW,BILL_PAY,1793.93,0.00,UTILITY,APP_QR,27738.88,25944.95
TXN_10414,USR_0022,2026-10-04 20:00:00,OUTFLOW,MERCHANT_PAY,509.36,0.00,DINING_OUT,APP_QR,25944.95,25435.59
TXN_10415,USR_0022,2026-10-05 18:20:00,OUTFLOW,CASH_OUT,3000.00,55.50,DISCRETIONARY,AGENT_POINT,25435.59,22380.09
TXN_10416,USR_0022,2026-10-06 18:20:00,OUTFLOW,CASH_OUT,1000.00,18.50,DISCRETIONARY,AGENT_POINT,22380.09,21361.59
TXN_10417,USR_0022,2026-10-08 20:00:00,OUTFLOW,MERCHANT_PAY,239.19,0.00,DINING_OUT,APP_QR,21361.59,21122.40
TXN_10418,USR_0022,2026-10-10 18:20:00,OUTFLOW,CASH_OUT,3000.00,55.50,DISCRETIONARY,AGENT_POINT,21122.40,18066.90
TXN_10419,USR_0022,2026-10-11 18:20:00,OUTFLOW,CASH_OUT,2000.00,37.00,DISCRETIONARY,AGENT_POINT,18066.90,16029.90
TXN_10420,USR_0022,2026-10-12 18:20:00,OUTFLOW,CASH_OUT,2000.00,37.00,DISCRETIONARY,AGENT_POINT,16029.90,13992.90
TXN_10421,USR_0022,2026-10-14 20:00:00,OUTFLOW,MERCHANT_PAY,377.43,0.00,TRANSPORT,APP_QR,13992.90,13615.46
TXN_10422,USR_0022,2026-10-17 18:20:00,OUTFLOW,CASH_OUT,3000.00,55.50,DISCRETIONARY,AGENT_POINT,13615.46,10559.96
TXN_10423,USR_0022,2026-10-18 18:20:00,OUTFLOW,CASH_OUT,1000.00,18.50,DISCRETIONARY,AGENT_POINT,10559.96,9541.46
TXN_10424,USR_0022,2026-10-19 18:20:00,OUTFLOW,CASH_OUT,3000.00,55.50,DISCRETIONARY,AGENT_POINT,9541.46,6485.96
TXN_10425,USR_0022,2026-10-20 18:20:00,OUTFLOW,CASH_OUT,1000.00,18.50,DISCRETIONARY,AGENT_POINT,6485.96,5467.46
TXN_10426,USR_0022,2026-10-21 20:00:00,OUTFLOW,MERCHANT_PAY,1100.94,0.00,GROCERY,APP_QR,5467.46,4366.53
TXN_10427,USR_0022,2026-10-22 20:00:00,OUTFLOW,MERCHANT_PAY,774.90,0.00,DINING_OUT,APP_QR,4366.53,3591.63
TXN_10428,USR_0022,2026-10-25 18:20:00,OUTFLOW,CASH_OUT,3000.00,55.50,DISCRETIONARY,AGENT_POINT,3591.63,536.13
TXN_10432,USR_0023,2026-10-01 09:00:00,INFLOW,CASH_IN,25000.00,0.00,SALARY,ONLINE_PGW,499.34,25499.34
TXN_10433,USR_0023,2026-10-01 18:20:00,OUTFLOW,CASH_OUT,3000.00,55.50,DISCRETIONARY,AGENT_POINT,25499.34,22443.84
TXN_10434,USR_0023,2026-10-02 18:20:00,OUTFLOW,CASH_OUT,1000.00,18.50,DISCRETIONARY,AGENT_POINT,22443.84,21425.34
TXN_10435,USR_0023,2026-10-03 20:00:00,OUTFLOW,MERCHANT_PAY,1089.22,0.00,TRANSPORT,APP_QR,21425.34,20336.12
TXN_10436,USR_0023,2026-10-04 11:30:00,OUTFLOW,BILL_PAY,1891.47,0.00,UTILITY,APP_QR,20336.12,18444.65
TXN_10437,USR_0023,2026-10-06 18:20:00,OUTFLOW,CASH_OUT,3000.00,55.50,DISCRETIONARY,AGENT_POINT,18444.65,15389.15
TXN_10438,USR_0023,2026-10-09 18:20:00,OUTFLOW,CASH_OUT,3000.00,55.50,DISCRETIONARY,AGENT_POINT,15389.15,12333.65
TXN_10439,USR_0023,2026-10-10 20:00:00,OUTFLOW,MERCHANT_PAY,599.19,0.00,DINING_OUT,APP_QR,12333.65,11734.46
TXN_10440,USR_0023,2026-10-11 20:00:00,OUTFLOW,MERCHANT_PAY,1119.54,0.00,DINING_OUT,APP_QR,11734.46,10614.92
TXN_10441,USR_0023,2026-10-12 18:20:00,OUTFLOW,CASH_OUT,3000.00,55.50,DISCRETIONARY,AGENT_POINT,10614.92,7559.42
TXN_10442,USR_0023,2026-10-14 20:00:00,OUTFLOW,MERCHANT_PAY,606.25,0.00,DINING_OUT,APP_QR,7559.42,6953.17
TXN_10443,USR_0023,2026-10-17 18:20:00,OUTFLOW,CASH_OUT,3000.00,55.50,DISCRETIONARY,AGENT_POINT,6953.17,3897.67
TXN_10444,USR_0023,2026-10-18 20:00:00,OUTFLOW,MERCHANT_PAY,870.25,0.00,TRANSPORT,APP_QR,3897.67,3027.42
TXN_10445,USR_0023,2026-10-20 18:20:00,OUTFLOW,CASH_OUT,2000.00,37.00,DISCRETIONARY,AGENT_POINT,3027.42,990.42
TXN_10453,USR_0024,2026-10-01 09:00:00,INFLOW,CASH_IN,30000.00,0.00,SALARY,ONLINE_PGW,292.15,30292.15
TXN_10454,USR_0024,2026-10-04 11:30:00,OUTFLOW,BILL_PAY,1638.47,0.00,UTILITY,APP_QR,30292.15,28653.68
TXN_10455,USR_0024,2026-10-05 18:20:00,OUTFLOW,CASH_OUT,1000.00,18.50,DISCRETIONARY,AGENT_POINT,28653.68,27635.18
TXN_10456,USR_0024,2026-10-09 18:20:00,OUTFLOW,CASH_OUT,3000.00,55.50,DISCRETIONARY,AGENT_POINT,27635.18,24579.68
TXN_10457,USR_0024,2026-10-11 20:00:00,OUTFLOW,MERCHANT_PAY,887.06,0.00,TRANSPORT,APP_QR,24579.68,23692.62
TXN_10458,USR_0024,2026-10-12 18:20:00,OUTFLOW,CASH_OUT,1000.00,18.50,DISCRETIONARY,AGENT_POINT,23692.62,22674.12
TXN_10459,USR_0024,2026-10-14 18:20:00,OUTFLOW,CASH_OUT,2000.00,37.00,DISCRETIONARY,AGENT_POINT,22674.12,20637.12
TXN_10460,USR_0024,2026-10-15 18:20:00,OUTFLOW,CASH_OUT,2000.00,37.00,DISCRETIONARY,AGENT_POINT,20637.12,18600.12
TXN_10461,USR_0024,2026-10-18 20:00:00,OUTFLOW,MERCHANT_PAY,202.85,0.00,GROCERY,APP_QR,18600.12,18397.28
TXN_10462,USR_0024,2026-10-20 18:20:00,OUTFLOW,CASH_OUT,1000.00,18.50,DISCRETIONARY,AGENT_POINT,18397.28,17378.78
TXN_10463,USR_0024,2026-10-21 20:00:00,OUTFLOW,MERCHANT_PAY,350.60,0.00,DINING_OUT,APP_QR,17378.78,17028.18
TXN_10464,USR_0024,2026-10-22 18:20:00,OUTFLOW,CASH_OUT,2000.00,37.00,DISCRETIONARY,AGENT_POINT,17028.18,14991.18
TXN_10465,USR_0024,2026-10-23 20:00:00,OUTFLOW,MERCHANT_PAY,486.38,0.00,DINING_OUT,APP_QR,14991.18,14504.80
TXN_10466,USR_0024,2026-10-26 18:20:00,OUTFLOW,CASH_OUT,1000.00,18.50,DISCRETIONARY,AGENT_POINT,14504.80,13486.30
TXN_10467,USR_0024,2026-10-27 18:20:00,OUTFLOW,CASH_OUT,1000.00,18.50,DISCRETIONARY,AGENT_POINT,13486.30,12467.80
TXN_10468,USR_0024,2026-10-28 20:00:00,OUTFLOW,MERCHANT_PAY,737.55,0.00,TRANSPORT,APP_QR,12467.80,11730.24
TXN_10469,USR_0024,2026-10-29 18:20:00,OUTFLOW,CASH_OUT,2000.00,37.00,DISCRETIONARY,AGENT_POINT,11730.24,9693.24
TXN_10470,USR_0025,2026-10-01 09:00:00,INFLOW,CASH_IN,10000.00,0.00,SALARY,ONLINE_PGW,882.96,10882.96
TXN_10471,USR_0025,2026-10-02 20:00:00,OUTFLOW,MERCHANT_PAY,977.66,0.00,DINING_OUT,APP_QR,10882.96,9905.30
TXN_10472,USR_0025,2026-10-04 11:30:00,OUTFLOW,BILL_PAY,1719.08,0.00,UTILITY,APP_QR,9905.30,8186.21
TXN_10473,USR_0025,2026-10-06 20:00:00,OUTFLOW,MERCHANT_PAY,621.58,0.00,DINING_OUT,APP_QR,8186.21,7564.63
TXN_10474,USR_0025,2026-10-08 20:00:00,OUTFLOW,MERCHANT_PAY,545.24,0.00,DINING_OUT,APP_QR,7564.63,7019.39
TXN_10475,USR_0025,2026-10-09 20:00:00,OUTFLOW,MERCHANT_PAY,974.60,0.00,DINING_OUT,APP_QR,7019.39,6044.79
TXN_10476,USR_0025,2026-10-10 20:00:00,OUTFLOW,MERCHANT_PAY,413.49,0.00,GROCERY,APP_QR,6044.79,5631.30
TXN_10477,USR_0025,2026-10-12 20:00:00,OUTFLOW,MERCHANT_PAY,1042.27,0.00,GROCERY,APP_QR,5631.30,4589.03
TXN_10478,USR_0025,2026-10-13 20:00:00,OUTFLOW,MERCHANT_PAY,632.98,0.00,TRANSPORT,APP_QR,4589.03,3956.05
TXN_10479,USR_0025,2026-10-14 18:20:00,OUTFLOW,CASH_OUT,1000.00,18.50,DISCRETIONARY,AGENT_POINT,3956.05,2937.55
TXN_10480,USR_0025,2026-10-15 15:00:00,INFLOW,P2P_SEND,4279.92,0.00,SALARY,APP_QR,2937.55,7217.47
TXN_10481,USR_0025,2026-10-16 20:00:00,OUTFLOW,MERCHANT_PAY,329.41,0.00,TRANSPORT,APP_QR,7217.47,6888.06
TXN_10482,USR_0025,2026-10-17 18:20:00,OUTFLOW,CASH_OUT,3000.00,55.50,DISCRETIONARY,AGENT_POINT,6888.06,3832.56
TXN_10483,USR_0025,2026-10-18 20:00:00,OUTFLOW,MERCHANT_PAY,1001.87,0.00,GROCERY,APP_QR,3832.56,2830.70
TXN_10484,USR_0025,2026-10-19 20:00:00,OUTFLOW,MERCHANT_PAY,616.30,0.00,GROCERY,APP_QR,2830.70,2214.39
TXN_10485,USR_0025,2026-10-20 20:00:00,OUTFLOW,MERCHANT_PAY,360.90,0.00,DINING_OUT,APP_QR,2214.39,1853.49
TXN_10487,USR_0025,2026-10-25 20:00:00,OUTFLOW,MERCHANT_PAY,818.02,0.00,GROCERY,APP_QR,1853.49,1035.48
TXN_10488,USR_0025,2026-10-26 18:20:00,OUTFLOW,CASH_OUT,1000.00,18.50,DISCRETIONARY,AGENT_POINT,1035.48,16.98
TXN_10489,USR_0026,2026-10-01 09:00:00,INFLOW,CASH_IN,25000.00,0.00,SALARY,ONLINE_PGW,959.65,25959.65
TXN_10490,USR_0026,2026-10-01 20:00:00,OUTFLOW,MERCHANT_PAY,952.34,0.00,TRANSPORT,APP_QR,25959.65,25007.30
TXN_10491,USR_0026,2026-10-04 11:30:00,OUTFLOW,BILL_PAY,1539.30,0.00,UTILITY,APP_QR,25007.30,23468.00
TXN_10492,USR_0026,2026-10-04 18:20:00,OUTFLOW,CASH_OUT,2000.00,37.00,DISCRETIONARY,AGENT_POINT,23468.00,21431.00
TXN_10493,USR_0026,2026-10-08 18:20:00,OUTFLOW,CASH_OUT,2000.00,37.00,DISCRETIONARY,AGENT_POINT,21431.00,19394.00
TXN_10494,USR_0026,2026-10-09 18:20:00,OUTFLOW,CASH_OUT,3000.00,55.50,DISCRETIONARY,AGENT_POINT,19394.00,16338.50
TXN_10495,USR_0026,2026-10-11 20:00:00,OUTFLOW,MERCHANT_PAY,1146.30,0.00,GROCERY,APP_QR,16338.50,15192.20
TXN_10496,USR_0026,2026-10-13 18:20:00,OUTFLOW,CASH_OUT,3000.00,55.50,DISCRETIONARY,AGENT_POINT,15192.20,12136.70
TXN_10497,USR_0026,2026-10-14 20:00:00,OUTFLOW,MERCHANT_PAY,270.45,0.00,TRANSPORT,APP_QR,12136.70,11866.26
TXN_10498,USR_0026,2026-10-16 18:20:00,OUTFLOW,CASH_OUT,2000.00,37.00,DISCRETIONARY,AGENT_POINT,11866.26,9829.26
TXN_10499,USR_0026,2026-10-17 18:20:00,OUTFLOW,CASH_OUT,2000.00,37.00,DISCRETIONARY,AGENT_POINT,9829.26,7792.26
TXN_10500,USR_0026,2026-10-18 20:00:00,OUTFLOW,MERCHANT_PAY,1048.82,0.00,DINING_OUT,APP_QR,7792.26,6743.44
TXN_10501,USR_0026,2026-10-20 18:20:00,OUTFLOW,CASH_OUT,3000.00,55.50,DISCRETIONARY,AGENT_POINT,6743.44,3687.94
TXN_10502,USR_0026,2026-10-21 18:20:00,OUTFLOW,CASH_OUT,3000.00,55.50,DISCRETIONARY,AGENT_POINT,3687.94,632.44
TXN_10505,USR_0026,2026-10-24 20:00:00,OUTFLOW,MERCHANT_PAY,235.93,0.00,DINING_OUT,APP_QR,632.44,396.51
TXN_10508,USR_0026,2026-10-27 20:00:00,OUTFLOW,MERCHANT_PAY,212.16,0.00,GROCERY,APP_QR,396.51,184.35
TXN_10509,USR_0027,2026-10-01 09:00:00,INFLOW,CASH_IN,30000.00,0.00,SALARY,ONLINE_PGW,537.78,30537.78
TXN_10510,USR_0027,2026-10-01 20:00:00,OUTFLOW,MERCHANT_PAY,1156.66,0.00,DINING_OUT,APP_QR,30537.78,29381.13
TXN_10511,USR_0027,2026-10-04 11:30:00,OUTFLOW,BILL_PAY,2000.55,0.00,UTILITY,APP_QR,29381.13,27380.58
TXN_10512,USR_0027,2026-10-04 20:00:00,OUTFLOW,MERCHANT_PAY,457.42,0.00,GROCERY,APP_QR,27380.58,26923.15
TXN_10513,USR_0027,2026-10-05 18:20:00,OUTFLOW,CASH_OUT,2000.00,37.00,DISCRETIONARY,AGENT_POINT,26923.15,24886.15
TXN_10514,USR_0027,2026-10-06 20:00:00,OUTFLOW,MERCHANT_PAY,654.60,0.00,DINING_OUT,APP_QR,24886.15,24231.55
TXN_10515,USR_0027,2026-10-09 20:00:00,OUTFLOW,MERCHANT_PAY,806.22,0.00,GROCERY,APP_QR,24231.55,23425.34
TXN_10516,USR_0027,2026-10-12 20:00:00,OUTFLOW,MERCHANT_PAY,482.87,0.00,DINING_OUT,APP_QR,23425.34,22942.46
TXN_10517,USR_0027,2026-10-13 20:00:00,OUTFLOW,MERCHANT_PAY,414.78,0.00,GROCERY,APP_QR,22942.46,22527.69
TXN_10518,USR_0027,2026-10-15 18:20:00,OUTFLOW,CASH_OUT,3000.00,55.50,DISCRETIONARY,AGENT_POINT,22527.69,19472.19
TXN_10519,USR_0027,2026-10-18 20:00:00,OUTFLOW,MERCHANT_PAY,879.25,0.00,TRANSPORT,APP_QR,19472.19,18592.93
TXN_10520,USR_0027,2026-10-19 20:00:00,OUTFLOW,MERCHANT_PAY,322.73,0.00,DINING_OUT,APP_QR,18592.93,18270.20
TXN_10521,USR_0027,2026-10-20 20:00:00,OUTFLOW,MERCHANT_PAY,360.06,0.00,TRANSPORT,APP_QR,18270.20,17910.14
TXN_10522,USR_0027,2026-10-22 18:20:00,OUTFLOW,CASH_OUT,3000.00,55.50,DISCRETIONARY,AGENT_POINT,17910.14,14854.64
TXN_10523,USR_0027,2026-10-23 18:20:00,OUTFLOW,CASH_OUT,3000.00,55.50,DISCRETIONARY,AGENT_POINT,14854.64,11799.14
TXN_10524,USR_0027,2026-10-24 18:20:00,OUTFLOW,CASH_OUT,1000.00,18.50,DISCRETIONARY,AGENT_POINT,11799.14,10780.64
TXN_10525,USR_0027,2026-10-26 18:20:00,OUTFLOW,CASH_OUT,1000.00,18.50,DISCRETIONARY,AGENT_POINT,10780.64,9762.14
TXN_10526,USR_0027,2026-10-27 20:00:00,OUTFLOW,MERCHANT_PAY,567.28,0.00,GROCERY,APP_QR,9762.14,9194.86
TXN_10527,USR_0027,2026-10-30 20:00:00,OUTFLOW,MERCHANT_PAY,251.20,0.00,TRANSPORT,APP_QR,9194.86,8943.67
TXN_10528,USR_0028,2026-10-01 09:00:00,INFLOW,CASH_IN,30000.00,0.00,SALARY,ONLINE_PGW,250.04,30250.04
TXN_10529,USR_0028,2026-10-02 18:20:00,OUTFLOW,CASH_OUT,3000.00,55.50,DISCRETIONARY,AGENT_POINT,30250.04,27194.54
TXN_10530,USR_0028,2026-10-03 20:00:00,OUTFLOW,MERCHANT_PAY,538.71,0.00,DINING_OUT,APP_QR,27194.54,26655.83
TXN_10531,USR_0028,2026-10-04 11:30:00,OUTFLOW,BILL_PAY,1570.29,0.00,UTILITY,APP_QR,26655.83,25085.54
TXN_10532,USR_0028,2026-10-05 18:20:00,OUTFLOW,CASH_OUT,1000.00,18.50,DISCRETIONARY,AGENT_POINT,25085.54,24067.04
TXN_10533,USR_0028,2026-10-06 20:00:00,OUTFLOW,MERCHANT_PAY,633.14,0.00,TRANSPORT,APP_QR,24067.04,23433.90
TXN_10534,USR_0028,2026-10-07 20:00:00,OUTFLOW,MERCHANT_PAY,285.66,0.00,TRANSPORT,APP_QR,23433.90,23148.24
TXN_10535,USR_0028,2026-10-10 18:20:00,OUTFLOW,CASH_OUT,2000.00,37.00,DISCRETIONARY,AGENT_POINT,23148.24,21111.24
TXN_10536,USR_0028,2026-10-11 20:00:00,OUTFLOW,MERCHANT_PAY,406.27,0.00,GROCERY,APP_QR,21111.24,20704.97
TXN_10537,USR_0028,2026-10-12 18:20:00,OUTFLOW,CASH_OUT,1000.00,18.50,DISCRETIONARY,AGENT_POINT,20704.97,19686.47
TXN_10538,USR_0028,2026-10-13 18:20:00,OUTFLOW,CASH_OUT,1000.00,18.50,DISCRETIONARY,AGENT_POINT,19686.47,18667.97
TXN_10539,USR_0028,2026-10-14 18:20:00,OUTFLOW,CASH_OUT,2000.00,37.00,DISCRETIONARY,AGENT_POINT,18667.97,16630.97
TXN_10540,USR_0028,2026-10-17 20:00:00,OUTFLOW,MERCHANT_PAY,1165.10,0.00,DINING_OUT,APP_QR,16630.97,15465.87
TXN_10541,USR_0028,2026-10-18 18:20:00,OUTFLOW,CASH_OUT,2000.00,37.00,DISCRETIONARY,AGENT_POINT,15465.87,13428.87
TXN_10542,USR_0028,2026-10-19 18:20:00,OUTFLOW,CASH_OUT,2000.00,37.00,DISCRETIONARY,AGENT_POINT,13428.87,11391.87
TXN_10543,USR_0028,2026-10-21 18:20:00,OUTFLOW,CASH_OUT,1000.00,18.50,DISCRETIONARY,AGENT_POINT,11391.87,10373.37
TXN_10544,USR_0028,2026-10-23 20:00:00,OUTFLOW,MERCHANT_PAY,683.16,0.00,TRANSPORT,APP_QR,10373.37,9690.21
TXN_10545,USR_0028,2026-10-25 20:00:00,OUTFLOW,MERCHANT_PAY,906.85,0.00,DINING_OUT,APP_QR,9690.21,8783.36
TXN_10546,USR_0028,2026-10-26 20:00:00,OUTFLOW,MERCHANT_PAY,377.83,0.00,TRANSPORT,APP_QR,8783.36,8405.53
TXN_10547,USR_0028,2026-10-27 18:20:00,OUTFLOW,CASH_OUT,3000.00,55.50,DISCRETIONARY,AGENT_POINT,8405.53,5350.03
TXN_10548,USR_0028,2026-10-30 18:20:00,OUTFLOW,CASH_OUT,2000.00,37.00,DISCRETIONARY,AGENT_POINT,5350.03,3313.03
TXN_10549,USR_0029,2026-10-01 09:00:00,INFLOW,CASH_IN,20000.00,0.00,SALARY,ONLINE_PGW,916.27,20916.27
TXN_10550,USR_0029,2026-10-01 20:00:00,OUTFLOW,MERCHANT_PAY,981.25,0.00,TRANSPORT,APP_QR,20916.27,19935.02
TXN_10551,USR_0029,2026-10-02 20:00:00,OUTFLOW,MERCHANT_PAY,369.62,0.00,TRANSPORT,APP_QR,19935.02,19565.40
TXN_10552,USR_0029,2026-10-03 18:20:00,OUTFLOW,CASH_OUT,1000.00,18.50,DISCRETIONARY,AGENT_POINT,19565.40,18546.90
TXN_10553,USR_0029,2026-10-04 11:30:00,OUTFLOW,BILL_PAY,1850.96,0.00,UTILITY,APP_QR,18546.90,16695.94
TXN_10554,USR_0029,2026-10-04 18:20:00,OUTFLOW,CASH_OUT,2000.00,37.00,DISCRETIONARY,AGENT_POINT,16695.94,14658.94
TXN_10555,USR_0029,2026-10-06 18:20:00,OUTFLOW,CASH_OUT,3000.00,55.50,DISCRETIONARY,AGENT_POINT,14658.94,11603.44
TXN_10556,USR_0029,2026-10-08 18:20:00,OUTFLOW,CASH_OUT,1000.00,18.50,DISCRETIONARY,AGENT_POINT,11603.44,10584.94
TXN_10557,USR_0029,2026-10-10 20:00:00,OUTFLOW,MERCHANT_PAY,1189.68,0.00,TRANSPORT,APP_QR,10584.94,9395.26
TXN_10558,USR_0029,2026-10-11 20:00:00,OUTFLOW,MERCHANT_PAY,310.14,0.00,DINING_OUT,APP_QR,9395.26,9085.12
TXN_10559,USR_0029,2026-10-12 18:20:00,OUTFLOW,CASH_OUT,1000.00,18.50,DISCRETIONARY,AGENT_POINT,9085.12,8066.62
TXN_10560,USR_0029,2026-10-14 18:20:00,OUTFLOW,CASH_OUT,1000.00,18.50,DISCRETIONARY,AGENT_POINT,8066.62,7048.12
TXN_10561,USR_0029,2026-10-18 20:00:00,OUTFLOW,MERCHANT_PAY,417.34,0.00,DINING_OUT,APP_QR,7048.12,6630.78
TXN_10562,USR_0029,2026-10-20 18:20:00,OUTFLOW,CASH_OUT,1000.00,18.50,DISCRETIONARY,AGENT_POINT,6630.78,5612.28
TXN_10563,USR_0029,2026-10-21 18:20:00,OUTFLOW,CASH_OUT,1000.00,18.50,DISCRETIONARY,AGENT_POINT,5612.28,4593.78
TXN_10564,USR_0029,2026-10-22 18:20:00,OUTFLOW,CASH_OUT,2000.00,37.00,DISCRETIONARY,AGENT_POINT,4593.78,2556.78
TXN_10565,USR_0029,2026-10-23 20:00:00,OUTFLOW,MERCHANT_PAY,560.51,0.00,GROCERY,APP_QR,2556.78,1996.27
TXN_10566,USR_0029,2026-10-25 20:00:00,OUTFLOW,MERCHANT_PAY,470.38,0.00,GROCERY,APP_QR,1996.27,1525.89
TXN_10567,USR_0029,2026-10-26 18:20:00,OUTFLOW,CASH_OUT,1000.00,18.50,DISCRETIONARY,AGENT_POINT,1525.89,507.39
TXN_10569,USR_0030,2026-10-01 09:00:00,INFLOW,CASH_IN,60000.00,0.00,SALARY,ONLINE_PGW,618.56,60618.56
TXN_10570,USR_0030,2026-10-02 20:00:00,OUTFLOW,MERCHANT_PAY,1009.05,0.00,DINING_OUT,APP_QR,60618.56,59609.51
TXN_10571,USR_0030,2026-10-04 11:30:00,OUTFLOW,BILL_PAY,2266.98,0.00,UTILITY,APP_QR,59609.51,57342.53
TXN_10572,USR_0030,2026-10-04 20:00:00,OUTFLOW,MERCHANT_PAY,898.34,0.00,DINING_OUT,APP_QR,57342.53,56444.18
TXN_10573,USR_0030,2026-10-05 20:00:00,OUTFLOW,MERCHANT_PAY,799.19,0.00,GROCERY,APP_QR,56444.18,55644.99
TXN_10574,USR_0030,2026-10-07 20:00:00,OUTFLOW,MERCHANT_PAY,975.58,0.00,DINING_OUT,APP_QR,55644.99,54669.41
TXN_10575,USR_0030,2026-10-08 20:00:00,OUTFLOW,MERCHANT_PAY,944.87,0.00,TRANSPORT,APP_QR,54669.41,53724.54
TXN_10576,USR_0030,2026-10-10 20:00:00,OUTFLOW,MERCHANT_PAY,991.06,0.00,GROCERY,APP_QR,53724.54,52733.48
TXN_10577,USR_0030,2026-10-11 20:00:00,OUTFLOW,MERCHANT_PAY,464.86,0.00,TRANSPORT,APP_QR,52733.48,52268.61
TXN_10578,USR_0030,2026-10-12 18:20:00,OUTFLOW,CASH_OUT,1000.00,18.50,DISCRETIONARY,AGENT_POINT,52268.61,51250.11
TXN_10579,USR_0030,2026-10-13 20:00:00,OUTFLOW,MERCHANT_PAY,437.60,0.00,TRANSPORT,APP_QR,51250.11,50812.51
TXN_10580,USR_0030,2026-10-14 20:00:00,OUTFLOW,MERCHANT_PAY,474.68,0.00,TRANSPORT,APP_QR,50812.51,50337.83
TXN_10581,USR_0030,2026-10-15 20:00:00,OUTFLOW,MERCHANT_PAY,836.40,0.00,TRANSPORT,APP_QR,50337.83,49501.43
TXN_10582,USR_0030,2026-10-16 20:00:00,OUTFLOW,MERCHANT_PAY,821.05,0.00,GROCERY,APP_QR,49501.43,48680.38
TXN_10583,USR_0030,2026-10-17 20:00:00,OUTFLOW,MERCHANT_PAY,899.76,0.00,DINING_OUT,APP_QR,48680.38,47780.62
TXN_10584,USR_0030,2026-10-18 20:00:00,OUTFLOW,MERCHANT_PAY,976.00,0.00,DINING_OUT,APP_QR,47780.62,46804.62
TXN_10585,USR_0030,2026-10-20 20:00:00,OUTFLOW,MERCHANT_PAY,486.51,0.00,TRANSPORT,APP_QR,46804.62,46318.11
TXN_10586,USR_0030,2026-10-21 18:20:00,OUTFLOW,CASH_OUT,2000.00,37.00,DISCRETIONARY,AGENT_POINT,46318.11,44281.11
TXN_10587,USR_0030,2026-10-22 20:00:00,OUTFLOW,MERCHANT_PAY,305.24,0.00,GROCERY,APP_QR,44281.11,43975.87
TXN_10588,USR_0030,2026-10-23 20:00:00,OUTFLOW,MERCHANT_PAY,318.54,0.00,TRANSPORT,APP_QR,43975.87,43657.33
TXN_10589,USR_0030,2026-10-25 20:00:00,OUTFLOW,MERCHANT_PAY,612.47,0.00,GROCERY,APP_QR,43657.33,43044.86
TXN_10590,USR_0030,2026-10-27 20:00:00,OUTFLOW,MERCHANT_PAY,491.82,0.00,GROCERY,APP_QR,43044.86,42553.05
TXN_10591,USR_0030,2026-10-29 20:00:00,OUTFLOW,MERCHANT_PAY,408.86,0.00,GROCERY,APP_QR,42553.05,42144.19
TXN_10592,USR_0030,2026-10-30 20:00:00,OUTFLOW,MERCHANT_PAY,709.62,0.00,DINING_OUT,APP_QR,42144.19,41434.57
TXN_10593,USR_0031,2026-10-01 09:00:00,INFLOW,CASH_IN,18000.00,0.00,SALARY,ONLINE_PGW,255.55,18255.55
TXN_10594,USR_0031,2026-10-01 18:20:00,OUTFLOW,CASH_OUT,1000.00,18.50,DISCRETIONARY,AGENT_POINT,18255.55,17237.05
TXN_10595,USR_0031,2026-10-02 20:00:00,OUTFLOW,MERCHANT_PAY,828.02,0.00,TRANSPORT,APP_QR,17237.05,16409.03
TXN_10596,USR_0031,2026-10-03 18:20:00,OUTFLOW,CASH_OUT,1000.00,18.50,DISCRETIONARY,AGENT_POINT,16409.03,15390.53
TXN_10597,USR_0031,2026-10-04 11:30:00,OUTFLOW,BILL_PAY,1595.99,0.00,UTILITY,APP_QR,15390.53,13794.54
TXN_10598,USR_0031,2026-10-04 18:20:00,OUTFLOW,CASH_OUT,3000.00,55.50,DISCRETIONARY,AGENT_POINT,13794.54,10739.04
TXN_10599,USR_0031,2026-10-06 18:20:00,OUTFLOW,CASH_OUT,3000.00,55.50,DISCRETIONARY,AGENT_POINT,10739.04,7683.54
TXN_10600,USR_0031,2026-10-08 18:20:00,OUTFLOW,CASH_OUT,3000.00,55.50,DISCRETIONARY,AGENT_POINT,7683.54,4628.04
TXN_10601,USR_0031,2026-10-10 18:20:00,OUTFLOW,CASH_OUT,3000.00,55.50,DISCRETIONARY,AGENT_POINT,4628.04,1572.54
TXN_10602,USR_0031,2026-10-12 20:00:00,OUTFLOW,MERCHANT_PAY,475.15,0.00,TRANSPORT,APP_QR,1572.54,1097.39
TXN_10603,USR_0031,2026-10-13 20:00:00,OUTFLOW,MERCHANT_PAY,573.99,0.00,TRANSPORT,APP_QR,1097.39,523.40
TXN_10604,USR_0031,2026-10-14 20:00:00,OUTFLOW,MERCHANT_PAY,450.99,0.00,GROCERY,APP_QR,523.40,72.41
TXN_10605,USR_0031,2026-10-15 15:00:00,INFLOW,P2P_SEND,5746.66,0.00,SALARY,APP_QR,72.41,5819.08
TXN_10606,USR_0031,2026-10-16 18:20:00,OUTFLOW,CASH_OUT,1000.00,18.50,DISCRETIONARY,AGENT_POINT,5819.08,4800.58
TXN_10607,USR_0031,2026-10-17 18:20:00,OUTFLOW,CASH_OUT,2000.00,37.00,DISCRETIONARY,AGENT_POINT,4800.58,2763.58
TXN_10608,USR_0031,2026-10-18 18:20:00,OUTFLOW,CASH_OUT,1000.00,18.50,DISCRETIONARY,AGENT_POINT,2763.58,1745.08
TXN_10611,USR_0031,2026-10-21 20:00:00,OUTFLOW,MERCHANT_PAY,1116.17,0.00,GROCERY,APP_QR,1745.08,628.90
TXN_10617,USR_0032,2026-10-01 09:00:00,INFLOW,CASH_IN,18000.00,0.00,SALARY,ONLINE_PGW,835.85,18835.85
TXN_10618,USR_0032,2026-10-01 20:00:00,OUTFLOW,MERCHANT_PAY,533.18,0.00,GROCERY,APP_QR,18835.85,18302.68
TXN_10619,USR_0032,2026-10-02 18:20:00,OUTFLOW,CASH_OUT,2000.00,37.00,DISCRETIONARY,AGENT_POINT,18302.68,16265.68
TXN_10620,USR_0032,2026-10-03 20:00:00,OUTFLOW,MERCHANT_PAY,849.27,0.00,TRANSPORT,APP_QR,16265.68,15416.41
TXN_10621,USR_0032,2026-10-04 11:30:00,OUTFLOW,BILL_PAY,2265.63,0.00,UTILITY,APP_QR,15416.41,13150.77
TXN_10622,USR_0032,2026-10-04 20:00:00,OUTFLOW,MERCHANT_PAY,356.46,0.00,DINING_OUT,APP_QR,13150.77,12794.31
TXN_10623,USR_0032,2026-10-05 20:00:00,OUTFLOW,MERCHANT_PAY,1134.76,0.00,TRANSPORT,APP_QR,12794.31,11659.55
TXN_10624,USR_0032,2026-10-06 18:20:00,OUTFLOW,CASH_OUT,3000.00,55.50,DISCRETIONARY,AGENT_POINT,11659.55,8604.05
TXN_10625,USR_0032,2026-10-07 20:00:00,OUTFLOW,MERCHANT_PAY,406.34,0.00,TRANSPORT,APP_QR,8604.05,8197.71
TXN_10626,USR_0032,2026-10-08 20:00:00,OUTFLOW,MERCHANT_PAY,275.09,0.00,GROCERY,APP_QR,8197.71,7922.62
TXN_10627,USR_0032,2026-10-09 18:20:00,OUTFLOW,CASH_OUT,1000.00,18.50,DISCRETIONARY,AGENT_POINT,7922.62,6904.12
TXN_10628,USR_0032,2026-10-10 20:00:00,OUTFLOW,MERCHANT_PAY,1144.16,0.00,DINING_OUT,APP_QR,6904.12,5759.96
TXN_10629,USR_0032,2026-10-15 15:00:00,INFLOW,P2P_SEND,6907.97,0.00,SALARY,APP_QR,5759.96,12667.93
TXN_10630,USR_0032,2026-10-15 18:20:00,OUTFLOW,CASH_OUT,1000.00,18.50,DISCRETIONARY,AGENT_POINT,12667.93,11649.43
TXN_10631,USR_0032,2026-10-16 20:00:00,OUTFLOW,MERCHANT_PAY,1124.41,0.00,TRANSPORT,APP_QR,11649.43,10525.02
TXN_10632,USR_0032,2026-10-17 18:20:00,OUTFLOW,CASH_OUT,2000.00,37.00,DISCRETIONARY,AGENT_POINT,10525.02,8488.02
TXN_10633,USR_0032,2026-10-18 20:00:00,OUTFLOW,MERCHANT_PAY,699.78,0.00,GROCERY,APP_QR,8488.02,7788.24
TXN_10634,USR_0032,2026-10-19 18:20:00,OUTFLOW,CASH_OUT,2000.00,37.00,DISCRETIONARY,AGENT_POINT,7788.24,5751.24
TXN_10635,USR_0032,2026-10-20 18:20:00,OUTFLOW,CASH_OUT,2000.00,37.00,DISCRETIONARY,AGENT_POINT,5751.24,3714.24
TXN_10636,USR_0032,2026-10-21 20:00:00,OUTFLOW,MERCHANT_PAY,645.32,0.00,GROCERY,APP_QR,3714.24,3068.93
TXN_10637,USR_0032,2026-10-22 20:00:00,OUTFLOW,MERCHANT_PAY,544.08,0.00,GROCERY,APP_QR,3068.93,2524.85
TXN_10638,USR_0032,2026-10-23 20:00:00,OUTFLOW,MERCHANT_PAY,728.73,0.00,TRANSPORT,APP_QR,2524.85,1796.12
TXN_10639,USR_0032,2026-10-25 20:00:00,OUTFLOW,MERCHANT_PAY,1130.05,0.00,TRANSPORT,APP_QR,1796.12,666.07
TXN_10644,USR_0033,2026-10-01 09:00:00,INFLOW,CASH_IN,20000.00,0.00,SALARY,ONLINE_PGW,224.60,20224.60
TXN_10645,USR_0033,2026-10-02 18:20:00,OUTFLOW,CASH_OUT,3000.00,55.50,DISCRETIONARY,AGENT_POINT,20224.60,17169.10
TXN_10646,USR_0033,2026-10-03 18:20:00,OUTFLOW,CASH_OUT,1000.00,18.50,DISCRETIONARY,AGENT_POINT,17169.10,16150.60
TXN_10647,USR_0033,2026-10-04 11:30:00,OUTFLOW,BILL_PAY,1997.51,0.00,UTILITY,APP_QR,16150.60,14153.09
TXN_10648,USR_0033,2026-10-04 18:20:00,OUTFLOW,CASH_OUT,1000.00,18.50,DISCRETIONARY,AGENT_POINT,14153.09,13134.59
TXN_10649,USR_0033,2026-10-05 18:20:00,OUTFLOW,CASH_OUT,1000.00,18.50,DISCRETIONARY,AGENT_POINT,13134.59,12116.09
TXN_10650,USR_0033,2026-10-07 20:00:00,OUTFLOW,MERCHANT_PAY,781.40,0.00,GROCERY,APP_QR,12116.09,11334.69
TXN_10651,USR_0033,2026-10-09 18:20:00,OUTFLOW,CASH_OUT,1000.00,18.50,DISCRETIONARY,AGENT_POINT,11334.69,10316.19
TXN_10652,USR_0033,2026-10-12 18:20:00,OUTFLOW,CASH_OUT,1000.00,18.50,DISCRETIONARY,AGENT_POINT,10316.19,9297.69
TXN_10653,USR_0033,2026-10-14 20:00:00,OUTFLOW,MERCHANT_PAY,512.71,0.00,GROCERY,APP_QR,9297.69,8784.98
TXN_10654,USR_0033,2026-10-15 18:20:00,OUTFLOW,CASH_OUT,3000.00,55.50,DISCRETIONARY,AGENT_POINT,8784.98,5729.48
TXN_10655,USR_0033,2026-10-16 18:20:00,OUTFLOW,CASH_OUT,1000.00,18.50,DISCRETIONARY,AGENT_POINT,5729.48,4710.98
TXN_10656,USR_0033,2026-10-19 20:00:00,OUTFLOW,MERCHANT_PAY,579.72,0.00,TRANSPORT,APP_QR,4710.98,4131.26
TXN_10657,USR_0033,2026-10-20 18:20:00,OUTFLOW,CASH_OUT,3000.00,55.50,DISCRETIONARY,AGENT_POINT,4131.26,1075.76
TXN_10658,USR_0033,2026-10-22 18:20:00,OUTFLOW,CASH_OUT,1000.00,18.50,DISCRETIONARY,AGENT_POINT,1075.76,57.26
TXN_10659,USR_0034,2026-10-01 09:00:00,INFLOW,CASH_IN,30000.00,0.00,SALARY,ONLINE_PGW,257.21,30257.21
TXN_10660,USR_0034,2026-10-02 18:20:00,OUTFLOW,CASH_OUT,2000.00,37.00,DISCRETIONARY,AGENT_POINT,30257.21,28220.21
TXN_10661,USR_0034,2026-10-04 11:30:00,OUTFLOW,BILL_PAY,2109.16,0.00,UTILITY,APP_QR,28220.21,26111.05
TXN_10662,USR_0034,2026-10-04 20:00:00,OUTFLOW,MERCHANT_PAY,1016.68,0.00,DINING_OUT,APP_QR,26111.05,25094.38
TXN_10663,USR_0034,2026-10-06 20:00:00,OUTFLOW,MERCHANT_PAY,368.76,0.00,TRANSPORT,APP_QR,25094.38,24725.61
TXN_10664,USR_0034,2026-10-07 20:00:00,OUTFLOW,MERCHANT_PAY,1191.23,0.00,TRANSPORT,APP_QR,24725.61,23534.39
TXN_10665,USR_0034,2026-10-09 18:20:00,OUTFLOW,CASH_OUT,3000.00,55.50,DISCRETIONARY,AGENT_POINT,23534.39,20478.89
TXN_10666,USR_0034,2026-10-10 18:20:00,OUTFLOW,CASH_OUT,1000.00,18.50,DISCRETIONARY,AGENT_POINT,20478.89,19460.39
TXN_10667,USR_0034,2026-10-11 20:00:00,OUTFLOW,MERCHANT_PAY,1171.10,0.00,GROCERY,APP_QR,19460.39,18289.29
TXN_10668,USR_0034,2026-10-13 20:00:00,OUTFLOW,MERCHANT_PAY,1019.24,0.00,DINING_OUT,APP_QR,18289.29,17270.05
TXN_10669,USR_0034,2026-10-14 20:00:00,OUTFLOW,MERCHANT_PAY,810.30,0.00,GROCERY,APP_QR,17270.05,16459.74
TXN_10670,USR_0034,2026-10-15 18:20:00,OUTFLOW,CASH_OUT,3000.00,55.50,DISCRETIONARY,AGENT_POINT,16459.74,13404.24
TXN_10671,USR_0034,2026-10-16 18:20:00,OUTFLOW,CASH_OUT,2000.00,37.00,DISCRETIONARY,AGENT_POINT,13404.24,11367.24
TXN_10672,USR_0034,2026-10-17 18:20:00,OUTFLOW,CASH_OUT,3000.00,55.50,DISCRETIONARY,AGENT_POINT,11367.24,8311.74
TXN_10673,USR_0034,2026-10-18 18:20:00,OUTFLOW,CASH_OUT,3000.00,55.50,DISCRETIONARY,AGENT_POINT,8311.74,5256.24
TXN_10674,USR_0034,2026-10-19 20:00:00,OUTFLOW,MERCHANT_PAY,941.57,0.00,TRANSPORT,APP_QR,5256.24,4314.67
TXN_10675,USR_0034,2026-10-20 18:20:00,OUTFLOW,CASH_OUT,1000.00,18.50,DISCRETIONARY,AGENT_POINT,4314.67,3296.17
TXN_10676,USR_0034,2026-10-21 18:20:00,OUTFLOW,CASH_OUT,1000.00,18.50,DISCRETIONARY,AGENT_POINT,3296.17,2277.67
TXN_10677,USR_0034,2026-10-22 18:20:00,OUTFLOW,CASH_OUT,1000.00,18.50,DISCRETIONARY,AGENT_POINT,2277.67,1259.17
TXN_10679,USR_0034,2026-10-24 20:00:00,OUTFLOW,MERCHANT_PAY,828.02,0.00,DINING_OUT,APP_QR,1259.17,431.15
TXN_10682,USR_0035,2026-10-01 09:00:00,INFLOW,CASH_IN,30000.00,0.00,SALARY,ONLINE_PGW,313.47,30313.47
TXN_10683,USR_0035,2026-10-01 18:20:00,OUTFLOW,CASH_OUT,1000.00,18.50,DISCRETIONARY,AGENT_POINT,30313.47,29294.97
TXN_10684,USR_0035,2026-10-02 20:00:00,OUTFLOW,MERCHANT_PAY,251.92,0.00,TRANSPORT,APP_QR,29294.97,29043.05
TXN_10685,USR_0035,2026-10-03 18:20:00,OUTFLOW,CASH_OUT,2000.00,37.00,DISCRETIONARY,AGENT_POINT,29043.05,27006.05
TXN_10686,USR_0035,2026-10-04 11:30:00,OUTFLOW,BILL_PAY,1758.25,0.00,UTILITY,APP_QR,27006.05,25247.80
TXN_10687,USR_0035,2026-10-05 18:20:00,OUTFLOW,CASH_OUT,1000.00,18.50,DISCRETIONARY,AGENT_POINT,25247.80,24229.30
TXN_10688,USR_0035,2026-10-06 18:20:00,OUTFLOW,CASH_OUT,2000.00,37.00,DISCRETIONARY,AGENT_POINT,24229.30,22192.30
TXN_10689,USR_0035,2026-10-10 18:20:00,OUTFLOW,CASH_OUT,1000.00,18.50,DISCRETIONARY,AGENT_POINT,22192.30,21173.80
TXN_10690,USR_0035,2026-10-11 18:20:00,OUTFLOW,CASH_OUT,2000.00,37.00,DISCRETIONARY,AGENT_POINT,21173.80,19136.80
TXN_10691,USR_0035,2026-10-12 18:20:00,OUTFLOW,CASH_OUT,2000.00,37.00,DISCRETIONARY,AGENT_POINT,19136.80,17099.80
TXN_10692,USR_0035,2026-10-14 18:20:00,OUTFLOW,CASH_OUT,3000.00,55.50,DISCRETIONARY,AGENT_POINT,17099.80,14044.30
TXN_10693,USR_0035,2026-10-15 20:00:00,OUTFLOW,MERCHANT_PAY,528.09,0.00,DINING_OUT,APP_QR,14044.30,13516.21
TXN_10694,USR_0035,2026-10-16 20:00:00,OUTFLOW,MERCHANT_PAY,239.80,0.00,GROCERY,APP_QR,13516.21,13276.41
TXN_10695,USR_0035,2026-10-20 20:00:00,OUTFLOW,MERCHANT_PAY,581.59,0.00,DINING_OUT,APP_QR,13276.41,12694.82
TXN_10696,USR_0035,2026-10-22 20:00:00,OUTFLOW,MERCHANT_PAY,434.57,0.00,TRANSPORT,APP_QR,12694.82,12260.25
TXN_10697,USR_0035,2026-10-23 18:20:00,OUTFLOW,CASH_OUT,3000.00,55.50,DISCRETIONARY,AGENT_POINT,12260.25,9204.75
TXN_10698,USR_0035,2026-10-24 20:00:00,OUTFLOW,MERCHANT_PAY,589.19,0.00,TRANSPORT,APP_QR,9204.75,8615.56
TXN_10699,USR_0035,2026-10-25 18:20:00,OUTFLOW,CASH_OUT,3000.00,55.50,DISCRETIONARY,AGENT_POINT,8615.56,5560.06
TXN_10700,USR_0035,2026-10-26 18:20:00,OUTFLOW,CASH_OUT,3000.00,55.50,DISCRETIONARY,AGENT_POINT,5560.06,2504.56
TXN_10701,USR_0035,2026-10-27 20:00:00,OUTFLOW,MERCHANT_PAY,1013.47,0.00,TRANSPORT,APP_QR,2504.56,1491.09
TXN_10704,USR_0035,2026-10-30 20:00:00,OUTFLOW,MERCHANT_PAY,821.05,0.00,TRANSPORT,APP_QR,1491.09,670.04
TXN_10705,USR_0036,2026-10-01 09:00:00,INFLOW,CASH_IN,20000.00,0.00,SALARY,ONLINE_PGW,802.65,20802.65
TXN_10706,USR_0036,2026-10-01 20:00:00,OUTFLOW,MERCHANT_PAY,663.26,0.00,GROCERY,APP_QR,20802.65,20139.39
TXN_10707,USR_0036,2026-10-02 20:00:00,OUTFLOW,MERCHANT_PAY,450.10,0.00,GROCERY,APP_QR,20139.39,19689.29
TXN_10708,USR_0036,2026-10-03 20:00:00,OUTFLOW,MERCHANT_PAY,701.14,0.00,DINING_OUT,APP_QR,19689.29,18988.15
TXN_10709,USR_0036,2026-10-04 11:30:00,OUTFLOW,BILL_PAY,2359.17,0.00,UTILITY,APP_QR,18988.15,16628.98
TXN_10710,USR_0036,2026-10-04 18:20:00,OUTFLOW,CASH_OUT,2000.00,37.00,DISCRETIONARY,AGENT_POINT,16628.98,14591.98
TXN_10711,USR_0036,2026-10-05 18:20:00,OUTFLOW,CASH_OUT,3000.00,55.50,DISCRETIONARY,AGENT_POINT,14591.98,11536.48
TXN_10712,USR_0036,2026-10-07 18:20:00,OUTFLOW,CASH_OUT,2000.00,37.00,DISCRETIONARY,AGENT_POINT,11536.48,9499.48
TXN_10713,USR_0036,2026-10-09 18:20:00,OUTFLOW,CASH_OUT,1000.00,18.50,DISCRETIONARY,AGENT_POINT,9499.48,8480.98
TXN_10714,USR_0036,2026-10-11 20:00:00,OUTFLOW,MERCHANT_PAY,1049.45,0.00,DINING_OUT,APP_QR,8480.98,7431.53
TXN_10715,USR_0036,2026-10-14 18:20:00,OUTFLOW,CASH_OUT,3000.00,55.50,DISCRETIONARY,AGENT_POINT,7431.53,4376.03
TXN_10716,USR_0036,2026-10-15 18:20:00,OUTFLOW,CASH_OUT,1000.00,18.50,DISCRETIONARY,AGENT_POINT,4376.03,3357.53
TXN_10717,USR_0036,2026-10-16 18:20:00,OUTFLOW,CASH_OUT,3000.00,55.50,DISCRETIONARY,AGENT_POINT,3357.53,302.03
TXN_10728,USR_0037,2026-10-01 09:00:00,INFLOW,CASH_IN,25000.00,0.00,SALARY,ONLINE_PGW,291.18,25291.18
TXN_10729,USR_0037,2026-10-01 18:20:00,OUTFLOW,CASH_OUT,1000.00,18.50,DISCRETIONARY,AGENT_POINT,25291.18,24272.68
TXN_10730,USR_0037,2026-10-03 18:20:00,OUTFLOW,CASH_OUT,2000.00,37.00,DISCRETIONARY,AGENT_POINT,24272.68,22235.68
TXN_10731,USR_0037,2026-10-04 11:30:00,OUTFLOW,BILL_PAY,2003.97,0.00,UTILITY,APP_QR,22235.68,20231.71
TXN_10732,USR_0037,2026-10-04 18:20:00,OUTFLOW,CASH_OUT,3000.00,55.50,DISCRETIONARY,AGENT_POINT,20231.71,17176.21
TXN_10733,USR_0037,2026-10-05 20:00:00,OUTFLOW,MERCHANT_PAY,671.67,0.00,TRANSPORT,APP_QR,17176.21,16504.55
TXN_10734,USR_0037,2026-10-07 20:00:00,OUTFLOW,MERCHANT_PAY,613.63,0.00,GROCERY,APP_QR,16504.55,15890.92
TXN_10735,USR_0037,2026-10-08 18:20:00,OUTFLOW,CASH_OUT,2000.00,37.00,DISCRETIONARY,AGENT_POINT,15890.92,13853.92
TXN_10736,USR_0037,2026-10-09 18:20:00,OUTFLOW,CASH_OUT,3000.00,55.50,DISCRETIONARY,AGENT_POINT,13853.92,10798.42
TXN_10737,USR_0037,2026-10-10 20:00:00,OUTFLOW,MERCHANT_PAY,610.42,0.00,GROCERY,APP_QR,10798.42,10187.99
TXN_10738,USR_0037,2026-10-11 18:20:00,OUTFLOW,CASH_OUT,2000.00,37.00,DISCRETIONARY,AGENT_POINT,10187.99,8150.99
TXN_10739,USR_0037,2026-10-12 18:20:00,OUTFLOW,CASH_OUT,1000.00,18.50,DISCRETIONARY,AGENT_POINT,8150.99,7132.49
TXN_10740,USR_0037,2026-10-13 20:00:00,OUTFLOW,MERCHANT_PAY,450.51,0.00,TRANSPORT,APP_QR,7132.49,6681.98
TXN_10741,USR_0037,2026-10-15 18:20:00,OUTFLOW,CASH_OUT,2000.00,37.00,DISCRETIONARY,AGENT_POINT,6681.98,4644.98
TXN_10742,USR_0037,2026-10-17 20:00:00,OUTFLOW,MERCHANT_PAY,751.40,0.00,DINING_OUT,APP_QR,4644.98,3893.59
TXN_10743,USR_0037,2026-10-18 18:20:00,OUTFLOW,CASH_OUT,2000.00,37.00,DISCRETIONARY,AGENT_POINT,3893.59,1856.59
TXN_10746,USR_0037,2026-10-24 20:00:00,OUTFLOW,MERCHANT_PAY,526.85,0.00,TRANSPORT,APP_QR,1856.59,1329.74
TXN_10748,USR_0037,2026-10-28 18:20:00,OUTFLOW,CASH_OUT,1000.00,18.50,DISCRETIONARY,AGENT_POINT,1329.74,311.24
TXN_10749,USR_0037,2026-10-29 20:00:00,OUTFLOW,MERCHANT_PAY,290.69,0.00,GROCERY,APP_QR,311.24,20.55
TXN_10750,USR_0038,2026-10-01 09:00:00,INFLOW,CASH_IN,25000.00,0.00,SALARY,ONLINE_PGW,951.53,25951.53
TXN_10751,USR_0038,2026-10-01 18:20:00,OUTFLOW,CASH_OUT,1000.00,18.50,DISCRETIONARY,AGENT_POINT,25951.53,24933.03
TXN_10752,USR_0038,2026-10-02 18:20:00,OUTFLOW,CASH_OUT,3000.00,55.50,DISCRETIONARY,AGENT_POINT,24933.03,21877.53
TXN_10753,USR_0038,2026-10-03 18:20:00,OUTFLOW,CASH_OUT,3000.00,55.50,DISCRETIONARY,AGENT_POINT,21877.53,18822.03
TXN_10754,USR_0038,2026-10-04 11:30:00,OUTFLOW,BILL_PAY,1897.14,0.00,UTILITY,APP_QR,18822.03,16924.89
TXN_10755,USR_0038,2026-10-05 18:20:00,OUTFLOW,CASH_OUT,1000.00,18.50,DISCRETIONARY,AGENT_POINT,16924.89,15906.39
TXN_10756,USR_0038,2026-10-07 18:20:00,OUTFLOW,CASH_OUT,3000.00,55.50,DISCRETIONARY,AGENT_POINT,15906.39,12850.89
TXN_10757,USR_0038,2026-10-08 18:20:00,OUTFLOW,CASH_OUT,2000.00,37.00,DISCRETIONARY,AGENT_POINT,12850.89,10813.89
TXN_10758,USR_0038,2026-10-09 18:20:00,OUTFLOW,CASH_OUT,2000.00,37.00,DISCRETIONARY,AGENT_POINT,10813.89,8776.89
TXN_10759,USR_0038,2026-10-11 20:00:00,OUTFLOW,MERCHANT_PAY,440.93,0.00,TRANSPORT,APP_QR,8776.89,8335.96
TXN_10760,USR_0038,2026-10-12 18:20:00,OUTFLOW,CASH_OUT,1000.00,18.50,DISCRETIONARY,AGENT_POINT,8335.96,7317.46
TXN_10761,USR_0038,2026-10-13 18:20:00,OUTFLOW,CASH_OUT,1000.00,18.50,DISCRETIONARY,AGENT_POINT,7317.46,6298.96
TXN_10762,USR_0038,2026-10-14 20:00:00,OUTFLOW,MERCHANT_PAY,204.18,0.00,TRANSPORT,APP_QR,6298.96,6094.77
TXN_10763,USR_0038,2026-10-16 18:20:00,OUTFLOW,CASH_OUT,3000.00,55.50,DISCRETIONARY,AGENT_POINT,6094.77,3039.27
TXN_10767,USR_0038,2026-10-25 18:20:00,OUTFLOW,CASH_OUT,2000.00,37.00,DISCRETIONARY,AGENT_POINT,3039.27,1002.27
TXN_10770,USR_0039,2026-10-01 09:00:00,INFLOW,CASH_IN,60000.00,0.00,SALARY,ONLINE_PGW,390.78,60390.78
TXN_10771,USR_0039,2026-10-01 20:00:00,OUTFLOW,MERCHANT_PAY,968.07,0.00,DINING_OUT,APP_QR,60390.78,59422.71
TXN_10772,USR_0039,2026-10-02 20:00:00,OUTFLOW,MERCHANT_PAY,555.06,0.00,GROCERY,APP_QR,59422.71,58867.65
TXN_10773,USR_0039,2026-10-03 20:00:00,OUTFLOW,MERCHANT_PAY,604.20,0.00,TRANSPORT,APP_QR,58867.65,58263.44
TXN_10774,USR_0039,2026-10-04 11:30:00,OUTFLOW,BILL_PAY,1843.55,0.00,UTILITY,APP_QR,58263.44,56419.90
TXN_10775,USR_0039,2026-10-08 18:20:00,OUTFLOW,CASH_OUT,2000.00,37.00,DISCRETIONARY,AGENT_POINT,56419.90,54382.90
TXN_10776,USR_0039,2026-10-11 20:00:00,OUTFLOW,MERCHANT_PAY,1150.74,0.00,DINING_OUT,APP_QR,54382.90,53232.16
TXN_10777,USR_0039,2026-10-14 18:20:00,OUTFLOW,CASH_OUT,3000.00,55.50,DISCRETIONARY,AGENT_POINT,53232.16,50176.66
TXN_10778,USR_0039,2026-10-15 20:00:00,OUTFLOW,MERCHANT_PAY,213.95,0.00,TRANSPORT,APP_QR,50176.66,49962.71
TXN_10779,USR_0039,2026-10-16 20:00:00,OUTFLOW,MERCHANT_PAY,813.77,0.00,DINING_OUT,APP_QR,49962.71,49148.94
TXN_10780,USR_0039,2026-10-19 20:00:00,OUTFLOW,MERCHANT_PAY,299.86,0.00,GROCERY,APP_QR,49148.94,48849.08
TXN_10781,USR_0039,2026-10-24 18:20:00,OUTFLOW,CASH_OUT,3000.00,55.50,DISCRETIONARY,AGENT_POINT,48849.08,45793.58
TXN_10782,USR_0039,2026-10-28 18:20:00,OUTFLOW,CASH_OUT,1000.00,18.50,DISCRETIONARY,AGENT_POINT,45793.58,44775.08
TXN_10783,USR_0039,2026-10-29 20:00:00,OUTFLOW,MERCHANT_PAY,214.92,0.00,GROCERY,APP_QR,44775.08,44560.15
TXN_10784,USR_0040,2026-10-01 09:00:00,INFLOW,CASH_IN,30000.00,0.00,SALARY,ONLINE_PGW,892.12,30892.12
TXN_10785,USR_0040,2026-10-02 18:20:00,OUTFLOW,CASH_OUT,1000.00,18.50,DISCRETIONARY,AGENT_POINT,30892.12,29873.62
TXN_10786,USR_0040,2026-10-03 18:20:00,OUTFLOW,CASH_OUT,1000.00,18.50,DISCRETIONARY,AGENT_POINT,29873.62,28855.12
TXN_10787,USR_0040,2026-10-04 11:30:00,OUTFLOW,BILL_PAY,2128.50,0.00,UTILITY,APP_QR,28855.12,26726.62
TXN_10788,USR_0040,2026-10-04 20:00:00,OUTFLOW,MERCHANT_PAY,1104.54,0.00,TRANSPORT,APP_QR,26726.62,25622.08
TXN_10789,USR_0040,2026-10-05 20:00:00,OUTFLOW,MERCHANT_PAY,1066.74,0.00,TRANSPORT,APP_QR,25622.08,24555.33
TXN_10790,USR_0040,2026-10-07 18:20:00,OUTFLOW,CASH_OUT,3000.00,55.50,DISCRETIONARY,AGENT_POINT,24555.33,21499.83
TXN_10791,USR_0040,2026-10-08 18:20:00,OUTFLOW,CASH_OUT,3000.00,55.50,DISCRETIONARY,AGENT_POINT,21499.83,18444.33
TXN_10792,USR_0040,2026-10-09 20:00:00,OUTFLOW,MERCHANT_PAY,899.33,0.00,GROCERY,APP_QR,18444.33,17545.00
TXN_10793,USR_0040,2026-10-10 18:20:00,OUTFLOW,CASH_OUT,2000.00,37.00,DISCRETIONARY,AGENT_POINT,17545.00,15508.00
TXN_10794,USR_0040,2026-10-12 18:20:00,OUTFLOW,CASH_OUT,3000.00,55.50,DISCRETIONARY,AGENT_POINT,15508.00,12452.50
TXN_10795,USR_0040,2026-10-14 18:20:00,OUTFLOW,CASH_OUT,2000.00,37.00,DISCRETIONARY,AGENT_POINT,12452.50,10415.50
TXN_10796,USR_0040,2026-10-15 20:00:00,OUTFLOW,MERCHANT_PAY,657.65,0.00,DINING_OUT,APP_QR,10415.50,9757.85
TXN_10797,USR_0040,2026-10-17 20:00:00,OUTFLOW,MERCHANT_PAY,1102.88,0.00,GROCERY,APP_QR,9757.85,8654.97
TXN_10798,USR_0040,2026-10-19 18:20:00,OUTFLOW,CASH_OUT,2000.00,37.00,DISCRETIONARY,AGENT_POINT,8654.97,6617.97
TXN_10799,USR_0040,2026-10-20 18:20:00,OUTFLOW,CASH_OUT,2000.00,37.00,DISCRETIONARY,AGENT_POINT,6617.97,4580.97
TXN_10800,USR_0040,2026-10-21 20:00:00,OUTFLOW,MERCHANT_PAY,630.70,0.00,DINING_OUT,APP_QR,4580.97,3950.27
TXN_10801,USR_0040,2026-10-22 18:20:00,OUTFLOW,CASH_OUT,3000.00,55.50,DISCRETIONARY,AGENT_POINT,3950.27,894.77
TXN_10807,USR_0041,2026-10-01 09:00:00,INFLOW,CASH_IN,18000.00,0.00,SALARY,ONLINE_PGW,678.88,18678.88
TXN_10808,USR_0041,2026-10-01 20:00:00,OUTFLOW,MERCHANT_PAY,408.49,0.00,GROCERY,APP_QR,18678.88,18270.39
TXN_10809,USR_0041,2026-10-03 18:20:00,OUTFLOW,CASH_OUT,2000.00,37.00,DISCRETIONARY,AGENT_POINT,18270.39,16233.39
TXN_10810,USR_0041,2026-10-04 11:30:00,OUTFLOW,BILL_PAY,2431.01,0.00,UTILITY,APP_QR,16233.39,13802.38
TXN_10811,USR_0041,2026-10-04 20:00:00,OUTFLOW,MERCHANT_PAY,1103.52,0.00,TRANSPORT,APP_QR,13802.38,12698.86
TXN_10812,USR_0041,2026-10-05 18:20:00,OUTFLOW,CASH_OUT,3000.00,55.50,DISCRETIONARY,AGENT_POINT,12698.86,9643.36
TXN_10813,USR_0041,2026-10-07 20:00:00,OUTFLOW,MERCHANT_PAY,254.36,0.00,DINING_OUT,APP_QR,9643.36,9389.00
TXN_10814,USR_0041,2026-10-09 18:20:00,OUTFLOW,CASH_OUT,2000.00,37.00,DISCRETIONARY,AGENT_POINT,9389.00,7352.00
TXN_10815,USR_0041,2026-10-12 20:00:00,OUTFLOW,MERCHANT_PAY,1122.35,0.00,TRANSPORT,APP_QR,7352.00,6229.65
TXN_10816,USR_0041,2026-10-15 15:00:00,INFLOW,P2P_SEND,4378.02,0.00,SALARY,APP_QR,6229.65,10607.67
TXN_10817,USR_0041,2026-10-18 20:00:00,OUTFLOW,MERCHANT_PAY,592.42,0.00,GROCERY,APP_QR,10607.67,10015.24
TXN_10818,USR_0041,2026-10-21 20:00:00,OUTFLOW,MERCHANT_PAY,403.80,0.00,GROCERY,APP_QR,10015.24,9611.45
TXN_10819,USR_0041,2026-10-22 20:00:00,OUTFLOW,MERCHANT_PAY,474.19,0.00,TRANSPORT,APP_QR,9611.45,9137.26
TXN_10820,USR_0041,2026-10-23 18:20:00,OUTFLOW,CASH_OUT,2000.00,37.00,DISCRETIONARY,AGENT_POINT,9137.26,7100.26
TXN_10821,USR_0041,2026-10-26 18:20:00,OUTFLOW,CASH_OUT,3000.00,55.50,DISCRETIONARY,AGENT_POINT,7100.26,4044.76
TXN_10822,USR_0041,2026-10-28 20:00:00,OUTFLOW,MERCHANT_PAY,1063.83,0.00,GROCERY,APP_QR,4044.76,2980.92
TXN_10823,USR_0041,2026-10-29 18:20:00,OUTFLOW,CASH_OUT,1000.00,18.50,DISCRETIONARY,AGENT_POINT,2980.92,1962.42
TXN_10824,USR_0042,2026-10-01 09:00:00,INFLOW,CASH_IN,20000.00,0.00,SALARY,ONLINE_PGW,485.83,20485.83
TXN_10825,USR_0042,2026-10-01 18:20:00,OUTFLOW,CASH_OUT,1000.00,18.50,DISCRETIONARY,AGENT_POINT,20485.83,19467.33
TXN_10826,USR_0042,2026-10-02 20:00:00,OUTFLOW,MERCHANT_PAY,1054.87,0.00,GROCERY,APP_QR,19467.33,18412.47
TXN_10827,USR_0042,2026-10-03 18:20:00,OUTFLOW,CASH_OUT,2000.00,37.00,DISCRETIONARY,AGENT_POINT,18412.47,16375.47
TXN_10828,USR_0042,2026-10-04 11:30:00,OUTFLOW,BILL_PAY,1757.87,0.00,UTILITY,APP_QR,16375.47,14617.59
TXN_10829,USR_0042,2026-10-04 18:20:00,OUTFLOW,CASH_OUT,3000.00,55.50,DISCRETIONARY,AGENT_POINT,14617.59,11562.09
TXN_10830,USR_0042,2026-10-06 18:20:00,OUTFLOW,CASH_OUT,1000.00,18.50,DISCRETIONARY,AGENT_POINT,11562.09,10543.59
TXN_10831,USR_0042,2026-10-07 18:20:00,OUTFLOW,CASH_OUT,1000.00,18.50,DISCRETIONARY,AGENT_POINT,10543.59,9525.09
TXN_10832,USR_0042,2026-10-09 18:20:00,OUTFLOW,CASH_OUT,2000.00,37.00,DISCRETIONARY,AGENT_POINT,9525.09,7488.09
TXN_10833,USR_0042,2026-10-12 18:20:00,OUTFLOW,CASH_OUT,3000.00,55.50,DISCRETIONARY,AGENT_POINT,7488.09,4432.59
TXN_10834,USR_0042,2026-10-14 20:00:00,OUTFLOW,MERCHANT_PAY,459.22,0.00,GROCERY,APP_QR,4432.59,3973.37
TXN_10835,USR_0042,2026-10-17 18:20:00,OUTFLOW,CASH_OUT,3000.00,55.50,DISCRETIONARY,AGENT_POINT,3973.37,917.87
TXN_10838,USR_0042,2026-10-20 20:00:00,OUTFLOW,MERCHANT_PAY,909.68,0.00,DINING_OUT,APP_QR,917.87,8.19
TXN_10839,USR_0043,2026-10-01 09:00:00,INFLOW,CASH_IN,25000.00,0.00,SALARY,ONLINE_PGW,430.58,25430.58
TXN_10840,USR_0043,2026-10-03 18:20:00,OUTFLOW,CASH_OUT,3000.00,55.50,DISCRETIONARY,AGENT_POINT,25430.58,22375.08
TXN_10841,USR_0043,2026-10-04 11:30:00,OUTFLOW,BILL_PAY,2303.15,0.00,UTILITY,APP_QR,22375.08,20071.92
TXN_10842,USR_0043,2026-10-04 18:20:00,OUTFLOW,CASH_OUT,2000.00,37.00,DISCRETIONARY,AGENT_POINT,20071.92,18034.92
TXN_10843,USR_0043,2026-10-06 20:00:00,OUTFLOW,MERCHANT_PAY,1130.48,0.00,DINING_OUT,APP_QR,18034.92,16904.44
TXN_10844,USR_0043,2026-10-09 20:00:00,OUTFLOW,MERCHANT_PAY,499.53,0.00,DINING_OUT,APP_QR,16904.44,16404.91
TXN_10845,USR_0043,2026-10-13 18:20:00,OUTFLOW,CASH_OUT,2000.00,37.00,DISCRETIONARY,AGENT_POINT,16404.91,14367.91
TXN_10846,USR_0043,2026-10-16 20:00:00,OUTFLOW,MERCHANT_PAY,422.32,0.00,DINING_OUT,APP_QR,14367.91,13945.59
TXN_10847,USR_0043,2026-10-17 20:00:00,OUTFLOW,MERCHANT_PAY,1108.54,0.00,GROCERY,APP_QR,13945.59,12837.06
TXN_10848,USR_0043,2026-10-20 18:20:00,OUTFLOW,CASH_OUT,1000.00,18.50,DISCRETIONARY,AGENT_POINT,12837.06,11818.56
TXN_10849,USR_0043,2026-10-21 20:00:00,OUTFLOW,MERCHANT_PAY,588.31,0.00,TRANSPORT,APP_QR,11818.56,11230.24
TXN_10850,USR_0043,2026-10-23 18:20:00,OUTFLOW,CASH_OUT,3000.00,55.50,DISCRETIONARY,AGENT_POINT,11230.24,8174.74
TXN_10851,USR_0043,2026-10-24 18:20:00,OUTFLOW,CASH_OUT,2000.00,37.00,DISCRETIONARY,AGENT_POINT,8174.74,6137.74
TXN_10852,USR_0043,2026-10-27 18:20:00,OUTFLOW,CASH_OUT,2000.00,37.00,DISCRETIONARY,AGENT_POINT,6137.74,4100.74
TXN_10853,USR_0044,2026-10-01 09:00:00,INFLOW,CASH_IN,60000.00,0.00,SALARY,ONLINE_PGW,830.99,60830.99
TXN_10854,USR_0044,2026-10-04 11:30:00,OUTFLOW,BILL_PAY,1995.95,0.00,UTILITY,APP_QR,60830.99,58835.05
TXN_10855,USR_0044,2026-10-04 20:00:00,OUTFLOW,MERCHANT_PAY,569.90,0.00,TRANSPORT,APP_QR,58835.05,58265.14
TXN_10856,USR_0044,2026-10-05 20:00:00,OUTFLOW,MERCHANT_PAY,234.75,0.00,TRANSPORT,APP_QR,58265.14,58030.39
TXN_10857,USR_0044,2026-10-06 20:00:00,OUTFLOW,MERCHANT_PAY,475.05,0.00,TRANSPORT,APP_QR,58030.39,57555.34
TXN_10858,USR_0044,2026-10-07 20:00:00,OUTFLOW,MERCHANT_PAY,1102.67,0.00,TRANSPORT,APP_QR,57555.34,56452.67
TXN_10859,USR_0044,2026-10-08 20:00:00,OUTFLOW,MERCHANT_PAY,1154.49,0.00,DINING_OUT,APP_QR,56452.67,55298.18
TXN_10860,USR_0044,2026-10-10 20:00:00,OUTFLOW,MERCHANT_PAY,972.97,0.00,DINING_OUT,APP_QR,55298.18,54325.20
TXN_10861,USR_0044,2026-10-12 18:20:00,OUTFLOW,CASH_OUT,1000.00,18.50,DISCRETIONARY,AGENT_POINT,54325.20,53306.70
TXN_10862,USR_0044,2026-10-13 18:20:00,OUTFLOW,CASH_OUT,3000.00,55.50,DISCRETIONARY,AGENT_POINT,53306.70,50251.20
TXN_10863,USR_0044,2026-10-16 20:00:00,OUTFLOW,MERCHANT_PAY,670.60,0.00,DINING_OUT,APP_QR,50251.20,49580.61
TXN_10864,USR_0044,2026-10-18 20:00:00,OUTFLOW,MERCHANT_PAY,812.39,0.00,DINING_OUT,APP_QR,49580.61,48768.22
TXN_10865,USR_0044,2026-10-22 18:20:00,OUTFLOW,CASH_OUT,2000.00,37.00,DISCRETIONARY,AGENT_POINT,48768.22,46731.22
TXN_10866,USR_0044,2026-10-23 20:00:00,OUTFLOW,MERCHANT_PAY,958.10,0.00,TRANSPORT,APP_QR,46731.22,45773.12
TXN_10867,USR_0044,2026-10-24 18:20:00,OUTFLOW,CASH_OUT,3000.00,55.50,DISCRETIONARY,AGENT_POINT,45773.12,42717.62
TXN_10868,USR_0044,2026-10-27 20:00:00,OUTFLOW,MERCHANT_PAY,758.10,0.00,GROCERY,APP_QR,42717.62,41959.52
TXN_10869,USR_0044,2026-10-28 20:00:00,OUTFLOW,MERCHANT_PAY,1177.19,0.00,TRANSPORT,APP_QR,41959.52,40782.33
TXN_10870,USR_0044,2026-10-30 20:00:00,OUTFLOW,MERCHANT_PAY,1184.57,0.00,TRANSPORT,APP_QR,40782.33,39597.76
TXN_10871,USR_0045,2026-10-01 09:00:00,INFLOW,CASH_IN,20000.00,0.00,SALARY,ONLINE_PGW,722.57,20722.57
TXN_10872,USR_0045,2026-10-01 20:00:00,OUTFLOW,MERCHANT_PAY,987.38,0.00,DINING_OUT,APP_QR,20722.57,19735.19
TXN_10873,USR_0045,2026-10-02 20:00:00,OUTFLOW,MERCHANT_PAY,508.34,0.00,DINING_OUT,APP_QR,19735.19,19226.85
TXN_10874,USR_0045,2026-10-04 11:30:00,OUTFLOW,BILL_PAY,1968.90,0.00,UTILITY,APP_QR,19226.85,17257.95
TXN_10875,USR_0045,2026-10-05 20:00:00,OUTFLOW,MERCHANT_PAY,530.34,0.00,DINING_OUT,APP_QR,17257.95,16727.61
TXN_10876,USR_0045,2026-10-06 20:00:00,OUTFLOW,MERCHANT_PAY,276.06,0.00,DINING_OUT,APP_QR,16727.61,16451.55
TXN_10877,USR_0045,2026-10-07 20:00:00,OUTFLOW,MERCHANT_PAY,771.22,0.00,GROCERY,APP_QR,16451.55,15680.33
TXN_10878,USR_0045,2026-10-09 18:20:00,OUTFLOW,CASH_OUT,3000.00,55.50,DISCRETIONARY,AGENT_POINT,15680.33,12624.83
TXN_10879,USR_0045,2026-10-11 20:00:00,OUTFLOW,MERCHANT_PAY,942.20,0.00,TRANSPORT,APP_QR,12624.83,11682.63
TXN_10880,USR_0045,2026-10-13 20:00:00,OUTFLOW,MERCHANT_PAY,300.62,0.00,GROCERY,APP_QR,11682.63,11382.01
TXN_10881,USR_0045,2026-10-14 18:20:00,OUTFLOW,CASH_OUT,2000.00,37.00,DISCRETIONARY,AGENT_POINT,11382.01,9345.01
TXN_10882,USR_0045,2026-10-15 18:20:00,OUTFLOW,CASH_OUT,2000.00,37.00,DISCRETIONARY,AGENT_POINT,9345.01,7308.01
TXN_10883,USR_0045,2026-10-18 20:00:00,OUTFLOW,MERCHANT_PAY,276.71,0.00,DINING_OUT,APP_QR,7308.01,7031.29
TXN_10884,USR_0045,2026-10-20 18:20:00,OUTFLOW,CASH_OUT,1000.00,18.50,DISCRETIONARY,AGENT_POINT,7031.29,6012.79
TXN_10885,USR_0045,2026-10-21 20:00:00,OUTFLOW,MERCHANT_PAY,665.85,0.00,DINING_OUT,APP_QR,6012.79,5346.94
TXN_10886,USR_0045,2026-10-22 20:00:00,OUTFLOW,MERCHANT_PAY,820.04,0.00,TRANSPORT,APP_QR,5346.94,4526.91
TXN_10887,USR_0045,2026-10-23 18:20:00,OUTFLOW,CASH_OUT,2000.00,37.00,DISCRETIONARY,AGENT_POINT,4526.91,2489.91
TXN_10888,USR_0045,2026-10-24 20:00:00,OUTFLOW,MERCHANT_PAY,285.80,0.00,GROCERY,APP_QR,2489.91,2204.11
TXN_10889,USR_0045,2026-10-27 20:00:00,OUTFLOW,MERCHANT_PAY,656.06,0.00,TRANSPORT,APP_QR,2204.11,1548.05
TXN_10892,USR_0046,2026-10-01 09:00:00,INFLOW,CASH_IN,20000.00,0.00,SALARY,ONLINE_PGW,257.94,20257.94
TXN_10893,USR_0046,2026-10-01 20:00:00,OUTFLOW,MERCHANT_PAY,209.89,0.00,TRANSPORT,APP_QR,20257.94,20048.05
TXN_10894,USR_0046,2026-10-02 20:00:00,OUTFLOW,MERCHANT_PAY,337.77,0.00,GROCERY,APP_QR,20048.05,19710.28
TXN_10895,USR_0046,2026-10-03 18:20:00,OUTFLOW,CASH_OUT,3000.00,55.50,DISCRETIONARY,AGENT_POINT,19710.28,16654.78
TXN_10896,USR_0046,2026-10-04 11:30:00,OUTFLOW,BILL_PAY,2440.49,0.00,UTILITY,APP_QR,16654.78,14214.29
TXN_10897,USR_0046,2026-10-04 20:00:00,OUTFLOW,MERCHANT_PAY,586.64,0.00,TRANSPORT,APP_QR,14214.29,13627.64
TXN_10898,USR_0046,2026-10-05 18:20:00,OUTFLOW,CASH_OUT,2000.00,37.00,DISCRETIONARY,AGENT_POINT,13627.64,11590.64
TXN_10899,USR_0046,2026-10-08 18:20:00,OUTFLOW,CASH_OUT,3000.00,55.50,DISCRETIONARY,AGENT_POINT,11590.64,8535.14
TXN_10900,USR_0046,2026-10-09 18:20:00,OUTFLOW,CASH_OUT,2000.00,37.00,DISCRETIONARY,AGENT_POINT,8535.14,6498.14
TXN_10901,USR_0046,2026-10-10 18:20:00,OUTFLOW,CASH_OUT,1000.00,18.50,DISCRETIONARY,AGENT_POINT,6498.14,5479.64
TXN_10902,USR_0046,2026-10-12 18:20:00,OUTFLOW,CASH_OUT,2000.00,37.00,DISCRETIONARY,AGENT_POINT,5479.64,3442.64
TXN_10903,USR_0046,2026-10-13 20:00:00,OUTFLOW,MERCHANT_PAY,472.97,0.00,GROCERY,APP_QR,3442.64,2969.67
TXN_10904,USR_0046,2026-10-14 20:00:00,OUTFLOW,MERCHANT_PAY,397.82,0.00,DINING_OUT,APP_QR,2969.67,2571.85
TXN_10905,USR_0046,2026-10-15 18:20:00,OUTFLOW,CASH_OUT,1000.00,18.50,DISCRETIONARY,AGENT_POINT,2571.85,1553.35
TXN_10906,USR_0046,2026-10-17 18:20:00,OUTFLOW,CASH_OUT,1000.00,18.50,DISCRETIONARY,AGENT_POINT,1553.35,534.85
TXN_10909,USR_0046,2026-10-21 20:00:00,OUTFLOW,MERCHANT_PAY,433.31,0.00,DINING_OUT,APP_QR,534.85,101.54
TXN_10910,USR_0047,2026-10-01 09:00:00,INFLOW,CASH_IN,20000.00,0.00,SALARY,ONLINE_PGW,731.02,20731.02
TXN_10911,USR_0047,2026-10-01 18:20:00,OUTFLOW,CASH_OUT,1000.00,18.50,DISCRETIONARY,AGENT_POINT,20731.02,19712.52
TXN_10912,USR_0047,2026-10-02 18:20:00,OUTFLOW,CASH_OUT,1000.00,18.50,DISCRETIONARY,AGENT_POINT,19712.52,18694.02
TXN_10913,USR_0047,2026-10-04 11:30:00,OUTFLOW,BILL_PAY,2287.94,0.00,UTILITY,APP_QR,18694.02,16406.08
TXN_10914,USR_0047,2026-10-05 18:20:00,OUTFLOW,CASH_OUT,1000.00,18.50,DISCRETIONARY,AGENT_POINT,16406.08,15387.58
TXN_10915,USR_0047,2026-10-06 18:20:00,OUTFLOW,CASH_OUT,1000.00,18.50,DISCRETIONARY,AGENT_POINT,15387.58,14369.08
TXN_10916,USR_0047,2026-10-07 20:00:00,OUTFLOW,MERCHANT_PAY,357.51,0.00,GROCERY,APP_QR,14369.08,14011.57
TXN_10917,USR_0047,2026-10-08 18:20:00,OUTFLOW,CASH_OUT,3000.00,55.50,DISCRETIONARY,AGENT_POINT,14011.57,10956.07
TXN_10918,USR_0047,2026-10-09 20:00:00,OUTFLOW,MERCHANT_PAY,454.68,0.00,DINING_OUT,APP_QR,10956.07,10501.39
TXN_10919,USR_0047,2026-10-10 18:20:00,OUTFLOW,CASH_OUT,3000.00,55.50,DISCRETIONARY,AGENT_POINT,10501.39,7445.89
TXN_10920,USR_0047,2026-10-11 18:20:00,OUTFLOW,CASH_OUT,2000.00,37.00,DISCRETIONARY,AGENT_POINT,7445.89,5408.89
TXN_10921,USR_0047,2026-10-12 20:00:00,OUTFLOW,MERCHANT_PAY,970.34,0.00,TRANSPORT,APP_QR,5408.89,4438.56
TXN_10922,USR_0047,2026-10-13 20:00:00,OUTFLOW,MERCHANT_PAY,882.59,0.00,DINING_OUT,APP_QR,4438.56,3555.97
TXN_10923,USR_0047,2026-10-14 18:20:00,OUTFLOW,CASH_OUT,1000.00,18.50,DISCRETIONARY,AGENT_POINT,3555.97,2537.47
TXN_10924,USR_0047,2026-10-15 18:20:00,OUTFLOW,CASH_OUT,1000.00,18.50,DISCRETIONARY,AGENT_POINT,2537.47,1518.97
TXN_10925,USR_0047,2026-10-16 18:20:00,OUTFLOW,CASH_OUT,1000.00,18.50,DISCRETIONARY,AGENT_POINT,1518.97,500.47
TXN_10928,USR_0047,2026-10-21 20:00:00,OUTFLOW,MERCHANT_PAY,234.58,0.00,GROCERY,APP_QR,500.47,265.90
TXN_10929,USR_0048,2026-10-01 09:00:00,INFLOW,CASH_IN,25000.00,0.00,SALARY,ONLINE_PGW,768.21,25768.21
TXN_10930,USR_0048,2026-10-01 18:20:00,OUTFLOW,CASH_OUT,3000.00,55.50,DISCRETIONARY,AGENT_POINT,25768.21,22712.71
TXN_10931,USR_0048,2026-10-03 20:00:00,OUTFLOW,MERCHANT_PAY,985.38,0.00,GROCERY,APP_QR,22712.71,21727.33
TXN_10932,USR_0048,2026-10-04 11:30:00,OUTFLOW,BILL_PAY,1834.58,0.00,UTILITY,APP_QR,21727.33,19892.75
TXN_10933,USR_0048,2026-10-04 20:00:00,OUTFLOW,MERCHANT_PAY,294.17,0.00,GROCERY,APP_QR,19892.75,19598.58
TXN_10934,USR_0048,2026-10-05 20:00:00,OUTFLOW,MERCHANT_PAY,965.83,0.00,DINING_OUT,APP_QR,19598.58,18632.75
TXN_10935,USR_0048,2026-10-06 18:20:00,OUTFLOW,CASH_OUT,1000.00,18.50,DISCRETIONARY,AGENT_POINT,18632.75,17614.25
TXN_10936,USR_0048,2026-10-07 20:00:00,OUTFLOW,MERCHANT_PAY,425.58,0.00,DINING_OUT,APP_QR,17614.25,17188.67
TXN_10937,USR_0048,2026-10-08 20:00:00,OUTFLOW,MERCHANT_PAY,996.25,0.00,TRANSPORT,APP_QR,17188.67,16192.42
TXN_10938,USR_0048,2026-10-10 18:20:00,OUTFLOW,CASH_OUT,3000.00,55.50,DISCRETIONARY,AGENT_POINT,16192.42,13136.92
TXN_10939,USR_0048,2026-10-11 18:20:00,OUTFLOW,CASH_OUT,2000.00,37.00,DISCRETIONARY,AGENT_POINT,13136.92,11099.92
TXN_10940,USR_0048,2026-10-12 20:00:00,OUTFLOW,MERCHANT_PAY,501.01,0.00,DINING_OUT,APP_QR,11099.92,10598.91
TXN_10941,USR_0048,2026-10-13 18:20:00,OUTFLOW,CASH_OUT,3000.00,55.50,DISCRETIONARY,AGENT_POINT,10598.91,7543.41
TXN_10942,USR_0048,2026-10-14 18:20:00,OUTFLOW,CASH_OUT,3000.00,55.50,DISCRETIONARY,AGENT_POINT,7543.41,4487.91
TXN_10943,USR_0048,2026-10-17 18:20:00,OUTFLOW,CASH_OUT,3000.00,55.50,DISCRETIONARY,AGENT_POINT,4487.91,1432.41
TXN_10944,USR_0048,2026-10-19 20:00:00,OUTFLOW,MERCHANT_PAY,904.33,0.00,GROCERY,APP_QR,1432.41,528.08
TXN_10950,USR_0048,2026-10-26 20:00:00,OUTFLOW,MERCHANT_PAY,249.92,0.00,GROCERY,APP_QR,528.08,278.17
TXN_10951,USR_0049,2026-10-01 09:00:00,INFLOW,CASH_IN,30000.00,0.00,SALARY,ONLINE_PGW,504.65,30504.65
TXN_10952,USR_0049,2026-10-01 20:00:00,OUTFLOW,MERCHANT_PAY,248.67,0.00,DINING_OUT,APP_QR,30504.65,30255.97
TXN_10953,USR_0049,2026-10-02 18:20:00,OUTFLOW,CASH_OUT,2000.00,37.00,DISCRETIONARY,AGENT_POINT,30255.97,28218.97
TXN_10954,USR_0049,2026-10-03 18:20:00,OUTFLOW,CASH_OUT,2000.00,37.00,DISCRETIONARY,AGENT_POINT,28218.97,26181.97
TXN_10955,USR_0049,2026-10-04 11:30:00,OUTFLOW,BILL_PAY,2473.09,0.00,UTILITY,APP_QR,26181.97,23708.89
TXN_10956,USR_0049,2026-10-05 18:20:00,OUTFLOW,CASH_OUT,2000.00,37.00,DISCRETIONARY,AGENT_POINT,23708.89,21671.89
TXN_10957,USR_0049,2026-10-06 18:20:00,OUTFLOW,CASH_OUT,3000.00,55.50,DISCRETIONARY,AGENT_POINT,21671.89,18616.39
TXN_10958,USR_0049,2026-10-07 20:00:00,OUTFLOW,MERCHANT_PAY,504.97,0.00,TRANSPORT,APP_QR,18616.39,18111.42
TXN_10959,USR_0049,2026-10-09 18:20:00,OUTFLOW,CASH_OUT,1000.00,18.50,DISCRETIONARY,AGENT_POINT,18111.42,17092.92
TXN_10960,USR_0049,2026-10-14 20:00:00,OUTFLOW,MERCHANT_PAY,969.82,0.00,GROCERY,APP_QR,17092.92,16123.10
TXN_10961,USR_0049,2026-10-18 18:20:00,OUTFLOW,CASH_OUT,3000.00,55.50,DISCRETIONARY,AGENT_POINT,16123.10,13067.60
TXN_10962,USR_0049,2026-10-19 20:00:00,OUTFLOW,MERCHANT_PAY,1153.37,0.00,GROCERY,APP_QR,13067.60,11914.22
TXN_10963,USR_0049,2026-10-21 20:00:00,OUTFLOW,MERCHANT_PAY,506.56,0.00,TRANSPORT,APP_QR,11914.22,11407.66
TXN_10964,USR_0049,2026-10-23 18:20:00,OUTFLOW,CASH_OUT,3000.00,55.50,DISCRETIONARY,AGENT_POINT,11407.66,8352.16
TXN_10965,USR_0049,2026-10-24 18:20:00,OUTFLOW,CASH_OUT,3000.00,55.50,DISCRETIONARY,AGENT_POINT,8352.16,5296.66
TXN_10966,USR_0049,2026-10-25 18:20:00,OUTFLOW,CASH_OUT,1000.00,18.50,DISCRETIONARY,AGENT_POINT,5296.66,4278.16
TXN_10967,USR_0049,2026-10-26 20:00:00,OUTFLOW,MERCHANT_PAY,304.69,0.00,TRANSPORT,APP_QR,4278.16,3973.47
TXN_10968,USR_0049,2026-10-27 20:00:00,OUTFLOW,MERCHANT_PAY,397.48,0.00,DINING_OUT,APP_QR,3973.47,3576.00
TXN_10969,USR_0050,2026-10-01 09:00:00,INFLOW,CASH_IN,30000.00,0.00,SALARY,ONLINE_PGW,575.49,30575.49
TXN_10970,USR_0050,2026-10-01 18:20:00,OUTFLOW,CASH_OUT,1000.00,18.50,DISCRETIONARY,AGENT_POINT,30575.49,29556.99
TXN_10971,USR_0050,2026-10-02 18:20:00,OUTFLOW,CASH_OUT,1000.00,18.50,DISCRETIONARY,AGENT_POINT,29556.99,28538.49
TXN_10972,USR_0050,2026-10-03 18:20:00,OUTFLOW,CASH_OUT,1000.00,18.50,DISCRETIONARY,AGENT_POINT,28538.49,27519.99
TXN_10973,USR_0050,2026-10-04 11:30:00,OUTFLOW,BILL_PAY,2000.83,0.00,UTILITY,APP_QR,27519.99,25519.16
TXN_10974,USR_0050,2026-10-04 20:00:00,OUTFLOW,MERCHANT_PAY,1001.89,0.00,GROCERY,APP_QR,25519.16,24517.27
TXN_10975,USR_0050,2026-10-05 18:20:00,OUTFLOW,CASH_OUT,2000.00,37.00,DISCRETIONARY,AGENT_POINT,24517.27,22480.27
TXN_10976,USR_0050,2026-10-07 18:20:00,OUTFLOW,CASH_OUT,3000.00,55.50,DISCRETIONARY,AGENT_POINT,22480.27,19424.77
TXN_10977,USR_0050,2026-10-09 18:20:00,OUTFLOW,CASH_OUT,2000.00,37.00,DISCRETIONARY,AGENT_POINT,19424.77,17387.77
TXN_10978,USR_0050,2026-10-10 18:20:00,OUTFLOW,CASH_OUT,2000.00,37.00,DISCRETIONARY,AGENT_POINT,17387.77,15350.77
TXN_10979,USR_0050,2026-10-11 18:20:00,OUTFLOW,CASH_OUT,3000.00,55.50,DISCRETIONARY,AGENT_POINT,15350.77,12295.27
TXN_10980,USR_0050,2026-10-13 18:20:00,OUTFLOW,CASH_OUT,2000.00,37.00,DISCRETIONARY,AGENT_POINT,12295.27,10258.27
TXN_10981,USR_0050,2026-10-16 20:00:00,OUTFLOW,MERCHANT_PAY,786.34,0.00,DINING_OUT,APP_QR,10258.27,9471.93
TXN_10982,USR_0050,2026-10-18 18:20:00,OUTFLOW,CASH_OUT,2000.00,37.00,DISCRETIONARY,AGENT_POINT,9471.93,7434.93
TXN_10983,USR_0050,2026-10-19 20:00:00,OUTFLOW,MERCHANT_PAY,948.09,0.00,GROCERY,APP_QR,7434.93,6486.84
TXN_10984,USR_0050,2026-10-20 20:00:00,OUTFLOW,MERCHANT_PAY,718.80,0.00,TRANSPORT,APP_QR,6486.84,5768.04
TXN_10985,USR_0050,2026-10-21 20:00:00,OUTFLOW,MERCHANT_PAY,214.14,0.00,DINING_OUT,APP_QR,5768.04,5553.90
TXN_10986,USR_0050,2026-10-22 18:20:00,OUTFLOW,CASH_OUT,1000.00,18.50,DISCRETIONARY,AGENT_POINT,5553.90,4535.40
TXN_10987,USR_0050,2026-10-23 18:20:00,OUTFLOW,CASH_OUT,1000.00,18.50,DISCRETIONARY,AGENT_POINT,4535.40,3516.90
TXN_10988,USR_0050,2026-10-24 18:20:00,OUTFLOW,CASH_OUT,2000.00,37.00,DISCRETIONARY,AGENT_POINT,3516.90,1479.90
TXN_10989,USR_0050,2026-10-25 18:20:00,OUTFLOW,CASH_OUT,1000.00,18.50,DISCRETIONARY,AGENT_POINT,1479.90,461.40
TXN_10991,USR_0050,2026-10-28 20:00:00,OUTFLOW,MERCHANT_PAY,410.72,0.00,TRANSPORT,APP_QR,461.40,50.68
